,0um,50um,150um,200um,250um,300um,350um,400um,450um,500um
2.00E-02,2.13E+27,1.92E+27,1.59E+27,1.30E+27,1.07E+27,8.51E+26,6.95E+26,5.65E+26,4.64E+26,3.81E+26
4.00E-02,1.43E+27,1.28E+27,1.06E+27,8.73E+26,7.15E+26,5.87E+26,4.73E+26,3.94E+26,3.34E+26,2.82E+26
5.50E-02,4.73E+26,4.24E+26,3.51E+26,2.99E+26,2.50E+26,2.08E+26,1.73E+26,1.50E+26,1.26E+26,1.10E+26
6.00E-02,4.32E+26,4.05E+26,3.55E+26,3.02E+26,2.56E+26,2.13E+26,1.83E+26,1.54E+26,1.29E+26,1.10E+26
6.50E-02,4.42E+26,3.94E+26,3.41E+26,2.93E+26,2.50E+26,2.14E+26,1.86E+26,1.56E+26,1.33E+26,1.16E+26
7.00E-02,4.64E+26,4.29E+26,3.78E+26,3.33E+26,2.75E+26,2.32E+26,1.97E+26,1.66E+26,1.40E+26,1.17E+26
7.50E-02,5.59E+26,5.27E+26,4.51E+26,3.87E+26,3.21E+26,2.72E+26,2.36E+26,2.03E+26,1.78E+26,1.53E+26
8.00E-02,6.33E+26,5.88E+26,5.29E+26,4.60E+26,3.93E+26,3.36E+26,2.84E+26,2.40E+26,2.10E+26,1.83E+26
8.50E-02,6.58E+26,6.23E+26,5.64E+26,5.06E+26,4.45E+26,3.83E+26,3.28E+26,2.82E+26,2.47E+26,2.14E+26
9.00E-02,5.93E+26,5.74E+26,5.13E+26,4.59E+26,4.01E+26,3.58E+26,3.21E+26,2.76E+26,2.39E+26,2.10E+26
9.50E-02,5.06E+26,4.91E+26,4.53E+26,4.07E+26,3.62E+26,3.23E+26,2.75E+26,2.43E+26,2.12E+26,1.86E+26
1.00E-01,4.61E+26,4.29E+26,3.94E+26,3.38E+26,2.99E+26,2.60E+26,2.26E+26,1.99E+26,1.71E+26,1.51E+26
1.05E-01,4.45E+26,3.98E+26,3.52E+26,2.99E+26,2.59E+26,2.22E+26,1.90E+26,1.65E+26,1.44E+26,1.23E+26
1.10E-01,4.40E+26,3.97E+26,3.40E+26,2.84E+26,2.38E+26,2.00E+26,1.74E+26,1.52E+26,1.29E+26,1.14E+26
1.15E-01,4.55E+26,4.01E+26,3.31E+26,2.79E+26,2.37E+26,2.03E+26,1.75E+26,1.50E+26,1.29E+26,1.12E+26
1.20E-01,4.62E+26,4.12E+26,3.46E+26,2.85E+26,2.38E+26,2.01E+26,1.68E+26,1.44E+26,1.26E+26,1.06E+26
1.25E-01,4.96E+26,4.30E+26,3.65E+26,2.99E+26,2.47E+26,2.08E+26,1.73E+26,1.47E+26,1.27E+26,1.11E+26
1.30E-01,5.16E+26,4.48E+26,3.72E+26,3.13E+26,2.60E+26,2.23E+26,1.80E+26,1.52E+26,1.28E+26,1.10E+26
1.35E-01,5.15E+26,4.51E+26,3.74E+26,3.04E+26,2.52E+26,2.17E+26,1.80E+26,1.49E+26,1.27E+26,1.10E+26
1.40E-01,5.24E+26,4.45E+26,3.71E+26,3.11E+26,2.55E+26,2.07E+26,1.74E+26,1.48E+26,1.27E+26,1.10E+26
1.45E-01,5.18E+26,4.39E+26,3.57E+26,2.93E+26,2.37E+26,2.00E+26,1.70E+26,1.45E+26,1.27E+26,1.12E+26
1.50E-01,4.88E+26,4.24E+26,3.50E+26,2.94E+26,2.47E+26,2.09E+26,1.78E+26,1.53E+26,1.29E+26,1.12E+26
1.55E-01,4.65E+26,3.97E+26,3.27E+26,2.73E+26,2.28E+26,1.99E+26,1.72E+26,1.46E+26,1.28E+26,1.12E+26
1.60E-01,4.34E+26,3.82E+26,3.15E+26,2.65E+26,2.22E+26,1.89E+26,1.56E+26,1.32E+26,1.15E+26,9.70E+25
1.65E-01,3.89E+26,3.38E+26,2.86E+26,2.40E+26,2.02E+26,1.74E+26,1.51E+26,1.31E+26,1.12E+26,9.90E+25
1.70E-01,3.59E+26,3.11E+26,2.67E+26,2.26E+26,1.96E+26,1.64E+26,1.43E+26,1.22E+26,1.02E+26,8.80E+25
1.75E-01,3.12E+26,2.79E+26,2.35E+26,2.04E+26,1.77E+26,1.53E+26,1.31E+26,1.11E+26,9.51E+25,8.19E+25
1.80E-01,2.66E+26,2.44E+26,2.16E+26,1.92E+26,1.67E+26,1.47E+26,1.27E+26,1.10E+26,9.41E+25,8.22E+25
1.85E-01,2.38E+26,2.27E+26,2.05E+26,1.82E+26,1.63E+26,1.45E+26,1.22E+26,1.08E+26,9.33E+25,8.01E+25
1.90E-01,2.24E+26,2.10E+26,1.97E+26,1.76E+26,1.57E+26,1.41E+26,1.25E+26,1.08E+26,9.48E+25,8.38E+25
1.95E-01,2.27E+26,2.19E+26,2.04E+26,1.86E+26,1.68E+26,1.47E+26,1.31E+26,1.15E+26,1.01E+26,8.92E+25
2.00E-01,2.40E+26,2.34E+26,2.16E+26,1.98E+26,1.77E+26,1.56E+26,1.39E+26,1.20E+26,1.04E+26,9.12E+25
2.05E-01,2.55E+26,2.46E+26,2.34E+26,2.15E+26,1.92E+26,1.64E+26,1.43E+26,1.26E+26,1.11E+26,9.98E+25
2.10E-01,2.73E+26,2.70E+26,2.53E+26,2.32E+26,2.09E+26,1.85E+26,1.61E+26,1.41E+26,1.21E+26,1.06E+26
2.15E-01,3.01E+26,2.89E+26,2.68E+26,2.45E+26,2.14E+26,1.86E+26,1.62E+26,1.41E+26,1.22E+26,1.04E+26
2.20E-01,3.29E+26,3.17E+26,2.94E+26,2.61E+26,2.30E+26,1.99E+26,1.73E+26,1.49E+26,1.28E+26,1.14E+26
2.25E-01,3.56E+26,3.43E+26,3.15E+26,2.79E+26,2.43E+26,2.11E+26,1.80E+26,1.58E+26,1.37E+26,1.20E+26
2.30E-01,3.93E+26,3.77E+26,3.40E+26,2.98E+26,2.57E+26,2.22E+26,1.91E+26,1.67E+26,1.44E+26,1.24E+26
2.35E-01,4.38E+26,4.08E+26,3.64E+26,3.19E+26,2.75E+26,2.36E+26,2.05E+26,1.77E+26,1.50E+26,1.31E+26
2.40E-01,4.70E+26,4.44E+26,3.98E+26,3.45E+26,2.90E+26,2.48E+26,2.09E+26,1.78E+26,1.55E+26,1.38E+26
2.45E-01,5.03E+26,4.63E+26,4.07E+26,3.53E+26,3.01E+26,2.57E+26,2.22E+26,1.89E+26,1.61E+26,1.36E+26
2.50E-01,5.38E+26,4.90E+26,4.33E+26,3.70E+26,3.17E+26,2.64E+26,2.22E+26,1.92E+26,1.66E+26,1.41E+26
2.55E-01,5.94E+26,5.45E+26,4.62E+26,3.93E+26,3.32E+26,2.79E+26,2.40E+26,2.05E+26,1.76E+26,1.53E+26
2.60E-01,5.98E+26,5.45E+26,4.69E+26,3.93E+26,3.31E+26,2.78E+26,2.41E+26,2.04E+26,1.75E+26,1.51E+26
2.65E-01,6.26E+26,5.66E+26,4.83E+26,4.07E+26,3.42E+26,2.85E+26,2.40E+26,2.03E+26,1.72E+26,1.47E+26
2.70E-01,6.68E+26,6.09E+26,5.13E+26,4.35E+26,3.64E+26,3.07E+26,2.61E+26,2.22E+26,1.90E+26,1.62E+26
2.75E-01,6.78E+26,6.12E+26,5.17E+26,4.28E+26,3.61E+26,3.05E+26,2.58E+26,2.18E+26,1.84E+26,1.60E+26
2.80E-01,7.23E+26,6.40E+26,5.36E+26,4.44E+26,3.66E+26,3.04E+26,2.58E+26,2.19E+26,1.85E+26,1.60E+26
2.85E-01,7.60E+26,6.67E+26,5.50E+26,4.53E+26,3.72E+26,3.11E+26,2.63E+26,2.21E+26,1.88E+26,1.59E+26
2.90E-01,7.32E+26,6.30E+26,5.18E+26,4.23E+26,3.47E+26,2.86E+26,2.41E+26,2.01E+26,1.71E+26,1.47E+26
2.95E-01,6.92E+26,6.08E+26,5.03E+26,4.12E+26,3.37E+26,2.80E+26,2.34E+26,1.96E+26,1.67E+26,1.44E+26
3.00E-01,5.62E+26,4.90E+26,3.98E+26,3.27E+26,2.67E+26,2.19E+26,1.81E+26,1.49E+26,1.25E+26,1.05E+26
3.05E-01,4.43E+26,4.13E+26,3.64E+26,3.17E+26,2.74E+26,2.35E+26,2.01E+26,1.72E+26,1.48E+26,1.28E+26
3.10E-01,3.41E+26,3.19E+26,2.91E+26,2.60E+26,2.30E+26,2.02E+26,1.76E+26,1.52E+26,1.34E+26,1.17E+26
3.15E-01,2.13E+26,2.19E+26,2.26E+26,2.23E+26,2.09E+26,1.89E+26,1.70E+26,1.51E+26,1.34E+26,1.20E+26
3.20E-01,7.03E+26,6.77E+26,5.98E+26,5.10E+26,4.28E+26,3.60E+26,3.05E+26,2.61E+26,2.23E+26,1.95E+26
3.25E-01,9.68E+26,8.80E+26,7.31E+26,5.97E+26,4.89E+26,4.04E+26,3.36E+26,2.83E+26,2.40E+26,2.05E+26
3.30E-01,1.04E+27,9.22E+26,7.63E+26,6.19E+26,5.05E+26,4.19E+26,3.50E+26,2.98E+26,2.53E+26,2.16E+26
3.35E-01,1.05E+27,9.31E+26,7.60E+26,6.20E+26,5.06E+26,4.14E+26,3.42E+26,2.87E+26,2.38E+26,2.01E+26
3.40E-01,1.01E+27,8.94E+26,7.32E+26,5.92E+26,4.81E+26,3.91E+26,3.19E+26,2.64E+26,2.20E+26,1.87E+26
3.45E-01,9.22E+26,8.31E+26,6.87E+26,5.63E+26,4.62E+26,3.79E+26,3.13E+26,2.63E+26,2.25E+26,1.91E+26
3.50E-01,7.36E+26,6.84E+26,5.90E+26,4.95E+26,4.09E+26,3.40E+26,2.84E+26,2.42E+26,2.05E+26,1.76E+26
3.55E-01,6.43E+26,6.03E+26,5.29E+26,4.44E+26,3.71E+26,3.11E+26,2.61E+26,2.18E+26,1.87E+26,1.60E+26
3.60E-01,6.66E+26,6.18E+26,5.28E+26,4.46E+26,3.76E+26,3.12E+26,2.62E+26,2.23E+26,1.91E+26,1.65E+26
3.65E-01,6.13E+26,5.76E+26,5.02E+26,4.23E+26,3.56E+26,2.98E+26,2.52E+26,2.12E+26,1.80E+26,1.53E+26
3.70E-01,6.44E+26,5.96E+26,5.07E+26,4.23E+26,3.48E+26,2.91E+26,2.44E+26,2.05E+26,1.72E+26,1.48E+26
3.75E-01,6.26E+26,5.71E+26,4.83E+26,4.01E+26,3.32E+26,2.72E+26,2.27E+26,1.90E+26,1.60E+26,1.36E+26
3.80E-01,5.94E+26,5.37E+26,4.46E+26,3.65E+26,2.98E+26,2.45E+26,2.03E+26,1.70E+26,1.43E+26,1.21E+26
3.85E-01,5.50E+26,4.88E+26,4.05E+26,3.25E+26,2.66E+26,2.19E+26,1.81E+26,1.50E+26,1.26E+26,1.07E+26
3.90E-01,5.00E+26,4.36E+26,3.54E+26,2.87E+26,2.31E+26,1.88E+26,1.54E+26,1.27E+26,1.06E+26,8.85E+25
3.95E-01,4.46E+26,3.91E+26,3.17E+26,2.53E+26,2.06E+26,1.67E+26,1.37E+26,1.13E+26,9.44E+25,8.01E+25
4.00E-01,3.85E+26,3.35E+26,2.70E+26,2.15E+26,1.71E+26,1.40E+26,1.13E+26,9.32E+25,7.85E+25,6.65E+25
4.05E-01,3.34E+26,2.90E+26,2.35E+26,1.86E+26,1.48E+26,1.18E+26,9.82E+25,8.16E+25,6.87E+25,5.80E+25
4.10E-01,2.79E+26,2.41E+26,1.97E+26,1.58E+26,1.28E+26,1.03E+26,8.43E+25,7.03E+25,5.79E+25,4.90E+25
4.15E-01,2.43E+26,2.12E+26,1.70E+26,1.35E+26,1.08E+26,8.69E+25,7.11E+25,5.94E+25,4.89E+25,4.17E+25
4.20E-01,2.09E+26,1.82E+26,1.48E+26,1.19E+26,9.66E+25,7.80E+25,6.35E+25,5.32E+25,4.41E+25,3.70E+25
4.25E-01,1.80E+26,1.60E+26,1.31E+26,1.06E+26,8.52E+25,6.93E+25,5.68E+25,4.77E+25,3.94E+25,3.37E+25
4.30E-01,1.69E+26,1.50E+26,1.23E+26,9.91E+25,8.14E+25,6.76E+25,5.64E+25,4.72E+25,4.00E+25,3.29E+25
4.35E-01,1.65E+26,1.46E+26,1.19E+26,9.75E+25,7.96E+25,6.57E+25,5.49E+25,4.62E+25,3.87E+25,3.30E+25
4.40E-01,1.59E+26,1.41E+26,1.16E+26,9.43E+25,7.67E+25,6.54E+25,5.40E+25,4.46E+25,3.69E+25,3.15E+25
4.45E-01,1.56E+26,1.38E+26,1.14E+26,9.31E+25,7.49E+25,6.25E+25,5.21E+25,4.38E+25,3.75E+25,3.27E+25
4.50E-01,1.59E+26,1.40E+26,1.17E+26,9.44E+25,7.79E+25,6.45E+25,5.32E+25,4.44E+25,3.78E+25,3.17E+25
4.55E-01,1.59E+26,1.41E+26,1.15E+26,9.25E+25,7.52E+25,6.13E+25,5.00E+25,4.08E+25,3.45E+25,3.01E+25
4.60E-01,1.69E+26,1.49E+26,1.22E+26,9.89E+25,8.07E+25,6.53E+25,5.39E+25,4.47E+25,3.75E+25,3.10E+25
4.65E-01,1.65E+26,1.49E+26,1.23E+26,1.01E+26,8.20E+25,6.57E+25,5.40E+25,4.53E+25,3.86E+25,3.23E+25
4.70E-01,1.74E+26,1.53E+26,1.25E+26,1.00E+26,8.21E+25,6.74E+25,5.58E+25,4.56E+25,3.97E+25,3.29E+25
4.75E-01,1.71E+26,1.53E+26,1.24E+26,1.01E+26,8.33E+25,6.75E+25,5.57E+25,4.64E+25,3.88E+25,3.19E+25
4.80E-01,1.75E+26,1.55E+26,1.26E+26,1.01E+26,8.25E+25,6.86E+25,5.63E+25,4.74E+25,4.04E+25,3.39E+25
4.85E-01,1.76E+26,1.57E+26,1.28E+26,1.03E+26,8.38E+25,7.01E+25,5.85E+25,4.91E+25,4.20E+25,3.58E+25
4.90E-01,1.77E+26,1.57E+26,1.30E+26,1.04E+26,8.48E+25,6.96E+25,5.71E+25,4.87E+25,4.07E+25,3.48E+25
4.95E-01,1.79E+26,1.61E+26,1.31E+26,1.05E+26,8.58E+25,6.90E+25,5.58E+25,4.66E+25,3.92E+25,3.24E+25
5.00E-01,1.78E+26,1.56E+26,1.26E+26,9.99E+25,8.11E+25,6.71E+25,5.59E+25,4.70E+25,3.94E+25,3.32E+25
5.05E-01,1.72E+26,1.53E+26,1.24E+26,1.00E+26,8.16E+25,6.69E+25,5.52E+25,4.61E+25,3.92E+25,3.31E+25
5.10E-01,1.75E+26,1.55E+26,1.27E+26,1.03E+26,8.45E+25,6.85E+25,5.76E+25,4.75E+25,4.07E+25,3.44E+25
5.15E-01,1.67E+26,1.47E+26,1.21E+26,9.75E+25,7.84E+25,6.26E+25,5.21E+25,4.40E+25,3.73E+25,3.23E+25
5.20E-01,1.62E+26,1.43E+26,1.16E+26,9.49E+25,7.75E+25,6.21E+25,5.22E+25,4.33E+25,3.67E+25,3.13E+25
5.25E-01,1.62E+26,1.43E+26,1.15E+26,9.16E+25,7.50E+25,6.13E+25,5.06E+25,4.31E+25,3.79E+25,3.25E+25
5.30E-01,1.60E+26,1.40E+26,1.13E+26,9.24E+25,7.52E+25,6.23E+25,5.06E+25,4.28E+25,3.65E+25,3.15E+25
5.35E-01,1.55E+26,1.35E+26,1.09E+26,8.74E+25,7.26E+25,5.94E+25,4.83E+25,3.99E+25,3.40E+25,2.90E+25
5.40E-01,1.51E+26,1.32E+26,1.07E+26,8.66E+25,6.91E+25,5.68E+25,4.78E+25,3.89E+25,3.29E+25,2.68E+25
5.45E-01,1.46E+26,1.27E+26,1.04E+26,8.31E+25,6.69E+25,5.44E+25,4.40E+25,3.69E+25,3.13E+25,2.66E+25
5.50E-01,1.35E+26,1.19E+26,9.61E+25,7.69E+25,6.26E+25,4.98E+25,4.16E+25,3.38E+25,2.83E+25,2.39E+25
5.55E-01,1.35E+26,1.17E+26,9.39E+25,7.52E+25,6.06E+25,4.93E+25,4.15E+25,3.46E+25,2.92E+25,2.50E+25
5.60E-01,1.32E+26,1.15E+26,9.17E+25,7.33E+25,5.83E+25,4.66E+25,3.85E+25,3.15E+25,2.72E+25,2.26E+25
5.65E-01,1.25E+26,1.05E+26,8.26E+25,6.56E+25,5.32E+25,4.30E+25,3.64E+25,2.97E+25,2.52E+25,2.15E+25
5.70E-01,1.19E+26,1.03E+26,8.25E+25,6.59E+25,5.42E+25,4.32E+25,3.55E+25,2.96E+25,2.47E+25,2.07E+25
5.75E-01,1.12E+26,9.65E+25,7.75E+25,6.07E+25,4.83E+25,3.94E+25,3.15E+25,2.70E+25,2.36E+25,1.99E+25
5.80E-01,1.09E+26,9.33E+25,7.44E+25,5.97E+25,4.80E+25,3.91E+25,3.23E+25,2.64E+25,2.18E+25,1.85E+25
5.85E-01,1.01E+26,8.66E+25,6.98E+25,5.59E+25,4.46E+25,3.65E+25,2.94E+25,2.46E+25,2.11E+25,1.79E+25
5.90E-01,9.55E+25,8.22E+25,6.54E+25,5.01E+25,4.01E+25,3.27E+25,2.70E+25,2.31E+25,1.93E+25,1.60E+25
5.95E-01,9.22E+25,7.66E+25,6.11E+25,4.85E+25,3.87E+25,3.14E+25,2.58E+25,2.14E+25,1.88E+25,1.58E+25
6.00E-01,8.28E+25,7.30E+25,5.76E+25,4.57E+25,3.68E+25,2.97E+25,2.43E+25,2.07E+25,1.74E+25,1.51E+25
6.05E-01,8.22E+25,7.00E+25,5.60E+25,4.49E+25,3.59E+25,2.92E+25,2.44E+25,2.04E+25,1.70E+25,1.42E+25
6.10E-01,7.60E+25,6.40E+25,5.13E+25,3.99E+25,3.30E+25,2.77E+25,2.33E+25,1.89E+25,1.59E+25,1.35E+25
6.15E-01,7.36E+25,6.29E+25,4.94E+25,3.98E+25,3.16E+25,2.57E+25,2.18E+25,1.84E+25,1.55E+25,1.33E+25
6.20E-01,7.05E+25,6.14E+25,4.98E+25,3.98E+25,3.25E+25,2.63E+25,2.14E+25,1.75E+25,1.45E+25,1.22E+25
6.25E-01,6.68E+25,5.69E+25,4.43E+25,3.60E+25,2.96E+25,2.45E+25,1.97E+25,1.67E+25,1.41E+25,1.21E+25
6.30E-01,6.35E+25,5.33E+25,4.39E+25,3.48E+25,2.87E+25,2.30E+25,1.82E+25,1.54E+25,1.29E+25,1.08E+25
6.35E-01,6.25E+25,5.22E+25,4.12E+25,3.29E+25,2.69E+25,2.15E+25,1.74E+25,1.44E+25,1.24E+25,1.03E+25
6.40E-01,6.04E+25,4.98E+25,3.98E+25,3.23E+25,2.67E+25,2.19E+25,1.80E+25,1.52E+25,1.31E+25,1.10E+25
6.45E-01,5.79E+25,4.89E+25,3.90E+25,3.20E+25,2.54E+25,2.02E+25,1.61E+25,1.34E+25,1.11E+25,9.37E+24
6.50E-01,5.37E+25,4.57E+25,3.78E+25,3.01E+25,2.48E+25,2.00E+25,1.69E+25,1.38E+25,1.17E+25,9.85E+24
6.55E-01,5.32E+25,4.57E+25,3.63E+25,2.89E+25,2.34E+25,1.90E+25,1.62E+25,1.31E+25,1.10E+25,9.19E+24
6.60E-01,4.84E+25,4.15E+25,3.21E+25,2.58E+25,2.04E+25,1.70E+25,1.39E+25,1.21E+25,9.73E+24,8.34E+24
6.65E-01,4.71E+25,3.98E+25,3.15E+25,2.49E+25,2.09E+25,1.67E+25,1.32E+25,1.08E+25,8.57E+24,7.37E+24
6.70E-01,4.35E+25,3.69E+25,2.91E+25,2.42E+25,2.00E+25,1.62E+25,1.32E+25,1.08E+25,9.27E+24,7.56E+24
6.75E-01,4.49E+25,3.77E+25,3.02E+25,2.38E+25,1.79E+25,1.41E+25,1.14E+25,9.42E+24,7.60E+24,6.54E+24
6.80E-01,4.25E+25,3.58E+25,2.75E+25,2.22E+25,1.82E+25,1.42E+25,1.22E+25,1.06E+25,8.70E+24,7.54E+24
6.85E-01,3.95E+25,3.33E+25,2.63E+25,2.12E+25,1.62E+25,1.27E+25,1.06E+25,8.97E+24,7.76E+24,6.45E+24
6.90E-01,3.57E+25,2.91E+25,2.28E+25,1.84E+25,1.56E+25,1.22E+25,9.60E+24,8.17E+24,7.22E+24,6.25E+24
6.95E-01,3.46E+25,3.00E+25,2.42E+25,1.93E+25,1.60E+25,1.26E+25,9.94E+24,8.16E+24,6.89E+24,5.75E+24
7.00E-01,3.46E+25,2.85E+25,2.22E+25,1.73E+25,1.38E+25,1.08E+25,9.29E+24,7.27E+24,6.14E+24,5.35E+24
7.05E-01,3.17E+25,2.72E+25,2.23E+25,1.73E+25,1.37E+25,1.08E+25,9.02E+24,7.86E+24,6.78E+24,5.98E+24
7.10E-01,2.98E+25,2.50E+25,2.02E+25,1.55E+25,1.19E+25,9.34E+24,7.45E+24,6.27E+24,5.21E+24,4.47E+24
7.15E-01,2.86E+25,2.39E+25,1.93E+25,1.53E+25,1.20E+25,9.53E+24,7.57E+24,6.44E+24,5.44E+24,4.75E+24
7.20E-01,2.82E+25,2.37E+25,1.85E+25,1.44E+25,1.14E+25,8.92E+24,7.33E+24,6.01E+24,5.22E+24,4.38E+24
7.25E-01,2.67E+25,2.18E+25,1.66E+25,1.25E+25,1.03E+25,8.72E+24,7.46E+24,6.01E+24,4.97E+24,4.32E+24
7.30E-01,2.45E+25,2.06E+25,1.69E+25,1.33E+25,9.72E+24,7.73E+24,6.35E+24,5.27E+24,4.47E+24,3.65E+24
7.35E-01,2.38E+25,1.99E+25,1.65E+25,1.29E+25,1.00E+25,7.92E+24,6.31E+24,5.09E+24,4.19E+24,3.57E+24
7.40E-01,2.30E+25,1.92E+25,1.51E+25,1.13E+25,9.29E+24,7.71E+24,6.47E+24,5.02E+24,4.16E+24,3.57E+24
7.45E-01,2.16E+25,1.83E+25,1.38E+25,1.12E+25,8.78E+24,7.20E+24,5.99E+24,4.94E+24,4.32E+24,3.63E+24
7.50E-01,2.02E+25,1.69E+25,1.35E+25,1.00E+25,7.99E+24,6.26E+24,5.45E+24,4.78E+24,4.18E+24,3.35E+24
7.55E-01,1.86E+25,1.53E+25,1.15E+25,9.30E+24,7.67E+24,6.09E+24,5.03E+24,4.28E+24,3.72E+24,3.24E+24
7.60E-01,1.89E+25,1.53E+25,1.24E+25,9.83E+24,7.40E+24,5.87E+24,4.76E+24,4.25E+24,3.31E+24,2.83E+24
7.65E-01,1.64E+25,1.37E+25,1.10E+25,8.57E+24,6.87E+24,5.67E+24,4.55E+24,3.64E+24,2.97E+24,2.57E+24
7.70E-01,1.55E+25,1.26E+25,1.04E+25,8.34E+24,6.36E+24,5.39E+24,4.58E+24,3.67E+24,3.16E+24,2.48E+24
7.75E-01,1.52E+25,1.28E+25,9.69E+24,8.03E+24,6.88E+24,5.67E+24,4.65E+24,3.71E+24,2.97E+24,2.55E+24
7.80E-01,1.46E+25,1.29E+25,1.01E+25,7.66E+24,5.86E+24,4.65E+24,3.82E+24,3.26E+24,2.55E+24,2.12E+24
7.85E-01,1.35E+25,1.12E+25,8.80E+24,6.66E+24,5.40E+24,4.25E+24,3.41E+24,2.73E+24,2.23E+24,1.84E+24
7.90E-01,1.34E+25,1.04E+25,7.69E+24,6.42E+24,5.01E+24,4.06E+24,3.26E+24,2.62E+24,2.25E+24,1.77E+24
7.95E-01,1.25E+25,1.04E+25,8.59E+24,6.71E+24,5.49E+24,4.32E+24,3.44E+24,2.83E+24,2.25E+24,1.87E+24
8.00E-01,1.16E+25,1.02E+25,7.65E+24,6.17E+24,5.11E+24,4.07E+24,3.38E+24,2.68E+24,2.19E+24,1.79E+24
8.05E-01,1.12E+25,9.64E+24,7.77E+24,6.13E+24,4.75E+24,3.68E+24,3.06E+24,2.77E+24,2.36E+24,2.07E+24
8.10E-01,1.09E+25,9.49E+24,7.27E+24,6.09E+24,4.91E+24,3.76E+24,3.09E+24,2.45E+24,1.94E+24,1.60E+24
8.15E-01,1.05E+25,8.78E+24,6.41E+24,5.29E+24,4.01E+24,2.87E+24,2.38E+24,1.98E+24,1.71E+24,1.45E+24
8.20E-01,1.02E+25,8.78E+24,6.74E+24,5.11E+24,4.06E+24,3.77E+24,3.07E+24,2.40E+24,1.94E+24,1.54E+24
8.25E-01,9.98E+24,8.17E+24,6.03E+24,4.65E+24,3.84E+24,3.25E+24,2.81E+24,2.48E+24,1.99E+24,1.78E+24
8.30E-01,9.17E+24,7.28E+24,5.93E+24,4.39E+24,3.60E+24,2.89E+24,2.60E+24,2.17E+24,1.83E+24,1.38E+24
8.35E-01,9.39E+24,8.34E+24,6.05E+24,4.69E+24,3.69E+24,2.87E+24,2.16E+24,1.71E+24,1.39E+24,1.22E+24
8.40E-01,9.29E+24,6.95E+24,5.59E+24,4.59E+24,3.59E+24,2.81E+24,2.18E+24,1.90E+24,1.65E+24,1.32E+24
8.45E-01,8.89E+24,7.45E+24,5.87E+24,4.63E+24,3.58E+24,2.85E+24,2.40E+24,2.14E+24,1.74E+24,1.40E+24
8.50E-01,8.41E+24,6.92E+24,5.14E+24,4.18E+24,3.05E+24,2.48E+24,1.98E+24,1.51E+24,1.26E+24,1.17E+24
8.55E-01,8.71E+24,7.19E+24,5.38E+24,4.39E+24,3.56E+24,2.83E+24,2.34E+24,1.69E+24,1.38E+24,1.23E+24
8.60E-01,8.29E+24,6.72E+24,5.11E+24,4.22E+24,3.22E+24,2.56E+24,1.96E+24,1.73E+24,1.46E+24,1.23E+24
8.65E-01,7.47E+24,6.38E+24,5.36E+24,4.32E+24,3.49E+24,2.81E+24,2.24E+24,1.94E+24,1.59E+24,1.31E+24
8.70E-01,7.41E+24,6.23E+24,4.75E+24,3.67E+24,3.03E+24,2.32E+24,1.87E+24,1.70E+24,1.42E+24,1.18E+24
8.75E-01,6.75E+24,5.51E+24,4.07E+24,3.34E+24,2.67E+24,2.14E+24,1.69E+24,1.30E+24,1.07E+24,9.32E+23
8.80E-01,6.78E+24,5.67E+24,4.28E+24,3.40E+24,2.77E+24,2.27E+24,1.92E+24,1.66E+24,1.43E+24,1.26E+24
8.85E-01,6.15E+24,5.55E+24,4.06E+24,3.12E+24,2.40E+24,1.84E+24,1.49E+24,1.28E+24,1.07E+24,9.93E+23
8.90E-01,6.53E+24,5.46E+24,4.04E+24,3.15E+24,2.35E+24,1.92E+24,1.75E+24,1.38E+24,1.34E+24,1.08E+24
8.95E-01,6.04E+24,4.77E+24,3.79E+24,2.72E+24,2.46E+24,2.07E+24,1.76E+24,1.35E+24,1.26E+24,1.04E+24
9.00E-01,6.02E+24,4.76E+24,3.82E+24,2.86E+24,2.22E+24,1.79E+24,1.41E+24,1.24E+24,1.15E+24,9.14E+23
9.05E-01,6.22E+24,5.11E+24,3.75E+24,3.09E+24,2.41E+24,1.68E+24,1.22E+24,9.70E+23,8.75E+23,8.17E+23
9.10E-01,5.33E+24,4.69E+24,3.17E+24,2.66E+24,2.17E+24,1.70E+24,1.21E+24,1.02E+24,8.77E+23,8.79E+23
9.15E-01,5.30E+24,4.20E+24,3.05E+24,2.66E+24,2.29E+24,1.91E+24,1.71E+24,1.35E+24,1.09E+24,9.59E+23
9.20E-01,5.56E+24,4.07E+24,2.93E+24,2.23E+24,1.85E+24,1.52E+24,1.25E+24,1.23E+24,1.01E+24,8.41E+23
9.25E-01,5.09E+24,4.51E+24,3.47E+24,2.71E+24,2.11E+24,1.78E+24,1.50E+24,1.31E+24,1.19E+24,1.05E+24
9.30E-01,5.04E+24,4.41E+24,3.34E+24,2.32E+24,1.83E+24,1.43E+24,1.11E+24,9.16E+23,6.10E+23,5.37E+23
9.35E-01,4.84E+24,3.56E+24,2.84E+24,2.09E+24,1.56E+24,1.23E+24,1.01E+24,8.04E+23,6.00E+23,5.83E+23
9.40E-01,4.78E+24,4.05E+24,3.22E+24,2.78E+24,2.31E+24,1.80E+24,1.37E+24,1.19E+24,9.23E+23,6.35E+23
9.45E-01,4.49E+24,3.80E+24,2.82E+24,2.27E+24,1.68E+24,1.31E+24,9.88E+23,8.47E+23,7.45E+23,6.17E+23
9.50E-01,4.41E+24,3.82E+24,2.65E+24,2.21E+24,1.52E+24,1.34E+24,1.14E+24,7.74E+23,6.73E+23,6.05E+23
9.55E-01,4.59E+24,3.55E+24,2.53E+24,2.07E+24,1.86E+24,1.59E+24,1.28E+24,1.07E+24,9.23E+23,8.73E+23
9.60E-01,3.93E+24,3.11E+24,2.50E+24,1.97E+24,1.55E+24,1.27E+24,1.10E+24,8.29E+23,7.28E+23,6.43E+23
9.65E-01,4.61E+24,3.43E+24,2.69E+24,2.00E+24,1.50E+24,1.15E+24,8.86E+23,6.38E+23,6.87E+23,6.38E+23
9.70E-01,3.95E+24,3.16E+24,2.45E+24,1.94E+24,1.53E+24,1.42E+24,1.12E+24,8.13E+23,6.36E+23,5.61E+23
9.75E-01,3.93E+24,3.35E+24,2.59E+24,1.93E+24,1.54E+24,1.09E+24,7.57E+23,5.75E+23,5.76E+23,5.10E+23
9.80E-01,3.72E+24,2.94E+24,2.35E+24,1.73E+24,1.22E+24,8.44E+23,8.26E+23,6.72E+23,5.18E+23,3.67E+23
9.85E-01,3.73E+24,3.18E+24,2.13E+24,1.46E+24,1.10E+24,9.46E+23,7.68E+23,6.89E+23,5.74E+23,5.12E+23
9.90E-01,3.57E+24,2.62E+24,2.07E+24,1.78E+24,1.53E+24,1.25E+24,9.63E+23,7.49E+23,5.81E+23,4.21E+23
9.95E-01,3.40E+24,2.78E+24,2.26E+24,1.68E+24,1.39E+24,1.15E+24,9.68E+23,9.28E+23,7.83E+23,6.18E+23
1.00E+00,6.54E+24,5.09E+24,3.64E+24,2.76E+24,2.20E+24,1.75E+24,1.41E+24,1.18E+24,1.01E+24,9.31E+23
1.01E+00,6.27E+24,5.20E+24,4.05E+24,2.95E+24,2.40E+24,1.91E+24,1.43E+24,1.29E+24,1.13E+24,8.57E+23
1.02E+00,5.66E+24,4.64E+24,4.00E+24,2.96E+24,2.36E+24,1.85E+24,1.40E+24,1.06E+24,8.58E+23,7.35E+23
1.03E+00,5.73E+24,5.00E+24,3.72E+24,2.93E+24,2.20E+24,1.85E+24,1.50E+24,1.29E+24,1.01E+24,8.07E+23
1.04E+00,5.25E+24,4.54E+24,3.28E+24,2.43E+24,1.91E+24,1.41E+24,1.08E+24,7.18E+23,6.37E+23,5.67E+23
1.05E+00,4.97E+24,4.22E+24,3.39E+24,2.60E+24,1.86E+24,1.60E+24,1.19E+24,8.93E+23,7.00E+23,6.49E+23
1.06E+00,4.75E+24,3.73E+24,2.78E+24,2.17E+24,1.87E+24,1.50E+24,1.19E+24,1.19E+24,9.83E+23,8.15E+23
1.07E+00,3.94E+24,3.09E+24,2.65E+24,1.90E+24,1.52E+24,1.21E+24,1.01E+24,7.28E+23,5.78E+23,4.40E+23
1.08E+00,3.83E+24,2.99E+24,2.30E+24,2.08E+24,1.85E+24,1.51E+24,1.27E+24,1.10E+24,8.93E+23,7.45E+23
1.09E+00,4.09E+24,3.21E+24,2.53E+24,2.16E+24,1.81E+24,1.44E+24,1.17E+24,8.97E+23,7.35E+23,6.91E+23
1.10E+00,3.85E+24,2.97E+24,2.20E+24,1.72E+24,1.26E+24,1.11E+24,8.15E+23,7.50E+23,6.62E+23,5.77E+23
1.11E+00,3.68E+24,3.03E+24,2.04E+24,1.63E+24,1.10E+24,8.38E+23,7.37E+23,5.04E+23,3.98E+23,3.39E+23
1.12E+00,3.53E+24,3.00E+24,2.34E+24,1.85E+24,1.39E+24,1.15E+24,9.57E+23,8.72E+23,7.43E+23,6.42E+23
1.13E+00,2.91E+24,2.46E+24,2.00E+24,1.38E+24,1.17E+24,8.79E+23,7.39E+23,5.73E+23,5.03E+23,4.04E+23
1.14E+00,3.80E+24,3.18E+24,2.39E+24,1.92E+24,1.60E+24,1.19E+24,9.90E+23,8.20E+23,7.14E+23,6.00E+23
1.15E+00,3.19E+24,2.58E+24,2.07E+24,1.61E+24,1.19E+24,8.95E+23,7.00E+23,5.79E+23,5.38E+23,4.65E+23
1.16E+00,3.40E+24,2.78E+24,1.88E+24,1.39E+24,1.07E+24,8.26E+23,7.28E+23,5.34E+23,4.09E+23,4.36E+23
1.17E+00,4.40E+24,3.32E+24,2.51E+24,2.08E+24,1.46E+24,1.22E+24,1.05E+24,8.33E+23,6.57E+23,5.18E+23
1.18E+00,4.77E+24,3.68E+24,2.71E+24,2.06E+24,1.51E+24,1.27E+24,1.09E+24,8.09E+23,7.11E+23,6.43E+23
1.19E+00,5.64E+24,4.33E+24,3.21E+24,2.37E+24,1.89E+24,1.65E+24,1.33E+24,9.78E+23,8.44E+23,5.83E+23
1.20E+00,8.40E+24,6.43E+24,4.75E+24,3.84E+24,2.88E+24,2.43E+24,2.00E+24,1.65E+24,1.37E+24,1.11E+24
1.21E+00,1.14E+25,8.83E+24,6.54E+24,5.06E+24,3.79E+24,3.17E+24,2.54E+24,2.02E+24,1.66E+24,1.31E+24
1.22E+00,1.52E+25,1.19E+25,8.93E+24,6.83E+24,5.27E+24,4.23E+24,3.44E+24,2.64E+24,2.11E+24,1.84E+24
1.23E+00,2.07E+25,1.60E+25,1.24E+25,9.36E+24,6.91E+24,5.58E+24,4.43E+24,3.73E+24,3.15E+24,2.66E+24
1.24E+00,2.66E+25,2.13E+25,1.61E+25,1.24E+25,9.65E+24,7.36E+24,6.24E+24,5.09E+24,4.07E+24,3.33E+24
1.25E+00,3.39E+25,2.75E+25,2.11E+25,1.60E+25,1.23E+25,9.63E+24,7.53E+24,6.43E+24,5.53E+24,4.80E+24
1.26E+00,4.40E+25,3.76E+25,2.87E+25,2.26E+25,1.77E+25,1.42E+25,1.14E+25,9.25E+24,8.08E+24,6.75E+24
1.27E+00,5.72E+25,4.92E+25,3.96E+25,3.10E+25,2.52E+25,1.99E+25,1.62E+25,1.32E+25,1.07E+25,9.09E+24
1.28E+00,7.64E+25,6.60E+25,5.24E+25,4.13E+25,3.26E+25,2.67E+25,2.16E+25,1.81E+25,1.53E+25,1.26E+25
1.29E+00,1.01E+26,8.90E+25,7.13E+25,5.67E+25,4.55E+25,3.59E+25,2.91E+25,2.40E+25,2.03E+25,1.71E+25
1.30E+00,1.26E+26,1.12E+26,9.14E+25,7.17E+25,5.75E+25,4.71E+25,3.88E+25,3.22E+25,2.73E+25,2.33E+25
1.31E+00,1.51E+26,1.37E+26,1.13E+26,9.06E+25,7.28E+25,5.92E+25,4.85E+25,4.04E+25,3.41E+25,2.93E+25
1.32E+00,1.73E+26,1.59E+26,1.32E+26,1.08E+26,8.84E+25,7.28E+25,6.06E+25,5.13E+25,4.30E+25,3.70E+25
1.33E+00,1.98E+26,1.85E+26,1.57E+26,1.30E+26,1.08E+26,9.03E+25,7.57E+25,6.49E+25,5.55E+25,4.79E+25
1.34E+00,2.22E+26,2.10E+26,1.83E+26,1.56E+26,1.32E+26,1.12E+26,9.55E+25,8.21E+25,6.97E+25,5.98E+25
1.35E+00,2.53E+26,2.42E+26,2.16E+26,1.86E+26,1.58E+26,1.33E+26,1.13E+26,9.69E+25,8.34E+25,7.24E+25
1.36E+00,2.92E+26,2.84E+26,2.57E+26,2.23E+26,1.91E+26,1.62E+26,1.39E+26,1.18E+26,1.02E+26,8.76E+25
1.37E+00,3.44E+26,3.37E+26,3.02E+26,2.60E+26,2.23E+26,1.90E+26,1.61E+26,1.38E+26,1.18E+26,1.03E+26
1.38E+00,4.20E+26,4.08E+26,3.64E+26,3.10E+26,2.62E+26,2.20E+26,1.85E+26,1.58E+26,1.34E+26,1.15E+26
1.39E+00,4.98E+26,4.77E+26,4.16E+26,3.53E+26,2.95E+26,2.47E+26,2.07E+26,1.75E+26,1.48E+26,1.27E+26
1.40E+00,5.65E+26,5.32E+26,4.58E+26,3.83E+26,3.15E+26,2.59E+26,2.16E+26,1.81E+26,1.53E+26,1.31E+26
1.41E+00,6.30E+26,5.81E+26,4.89E+26,4.01E+26,3.26E+26,2.67E+26,2.20E+26,1.82E+26,1.53E+26,1.31E+26
1.42E+00,6.60E+26,5.96E+26,4.93E+26,3.97E+26,3.20E+26,2.60E+26,2.14E+26,1.77E+26,1.47E+26,1.25E+26
1.43E+00,6.64E+26,5.85E+26,4.69E+26,3.73E+26,2.96E+26,2.38E+26,1.93E+26,1.59E+26,1.32E+26,1.11E+26
1.44E+00,6.40E+26,5.49E+26,4.30E+26,3.34E+26,2.63E+26,2.08E+26,1.68E+26,1.38E+26,1.15E+26,9.61E+25
1.45E+00,5.81E+26,4.87E+26,3.73E+26,2.85E+26,2.20E+26,1.74E+26,1.38E+26,1.12E+26,9.23E+25,7.63E+25
1.46E+00,4.90E+26,3.92E+26,2.96E+26,2.21E+26,1.68E+26,1.31E+26,1.04E+26,8.37E+25,6.86E+25,5.74E+25
1.47E+00,3.86E+26,3.03E+26,2.20E+26,1.63E+26,1.23E+26,9.41E+25,7.41E+25,5.97E+25,4.91E+25,4.08E+25
1.48E+00,2.83E+26,2.12E+26,1.52E+26,1.11E+26,8.34E+25,6.36E+25,4.99E+25,3.95E+25,3.22E+25,2.67E+25
1.49E+00,1.87E+26,1.38E+26,9.75E+25,7.05E+25,5.36E+25,4.10E+25,3.18E+25,2.51E+25,2.03E+25,1.64E+25
1.50E+00,1.14E+26,8.32E+25,5.76E+25,4.12E+25,3.12E+25,2.37E+25,1.82E+25,1.49E+25,1.19E+25,9.64E+24
1.51E+00,6.53E+25,4.68E+25,3.25E+25,2.31E+25,1.76E+25,1.34E+25,1.06E+25,8.56E+24,6.80E+24,5.57E+24
1.52E+00,3.50E+25,2.47E+25,1.65E+25,1.16E+25,8.50E+24,6.71E+24,5.00E+24,3.96E+24,3.25E+24,2.59E+24
1.53E+00,1.78E+25,1.27E+25,8.87E+24,6.23E+24,4.63E+24,3.39E+24,2.70E+24,2.00E+24,1.65E+24,1.30E+24
1.54E+00,8.69E+24,6.31E+24,4.37E+24,3.29E+24,2.31E+24,1.78E+24,1.45E+24,1.02E+24,8.41E+23,7.16E+23
1.55E+00,5.59E+24,4.10E+24,2.88E+24,1.90E+24,1.38E+24,1.04E+24,8.01E+23,7.00E+23,6.78E+23,5.44E+23
1.56E+00,4.00E+24,3.16E+24,2.26E+24,1.54E+24,1.25E+24,1.00E+24,6.80E+23,5.97E+23,5.52E+23,4.72E+23
1.57E+00,3.56E+24,2.76E+24,2.00E+24,1.44E+24,1.19E+24,1.01E+24,8.21E+23,6.86E+23,5.67E+23,4.59E+23
1.58E+00,3.84E+24,2.96E+24,2.15E+24,1.67E+24,1.27E+24,1.10E+24,8.61E+23,6.26E+23,5.13E+23,4.24E+23
1.59E+00,4.52E+24,3.57E+24,2.83E+24,2.18E+24,1.68E+24,1.26E+24,9.39E+23,7.13E+23,6.17E+23,5.14E+23
1.60E+00,5.14E+24,4.18E+24,3.09E+24,2.24E+24,1.85E+24,1.44E+24,1.09E+24,8.92E+23,7.52E+23,6.75E+23
1.61E+00,5.96E+24,4.63E+24,3.38E+24,2.59E+24,1.96E+24,1.53E+24,1.26E+24,1.04E+24,8.79E+23,7.59E+23
1.62E+00,7.03E+24,5.90E+24,4.61E+24,3.33E+24,2.57E+24,2.08E+24,1.65E+24,1.47E+24,1.22E+24,9.72E+23
1.63E+00,7.53E+24,5.90E+24,4.20E+24,3.18E+24,2.37E+24,1.85E+24,1.43E+24,1.23E+24,1.13E+24,9.65E+23
1.64E+00,8.62E+24,6.87E+24,5.25E+24,4.07E+24,3.14E+24,2.44E+24,1.90E+24,1.57E+24,1.22E+24,1.08E+24
1.65E+00,9.03E+24,7.33E+24,5.62E+24,4.31E+24,3.15E+24,2.56E+24,2.05E+24,1.75E+24,1.42E+24,1.21E+24
1.66E+00,1.04E+25,8.81E+24,6.43E+24,4.90E+24,3.89E+24,3.10E+24,2.59E+24,2.10E+24,1.72E+24,1.46E+24
1.67E+00,1.04E+25,8.71E+24,6.82E+24,5.37E+24,4.08E+24,3.32E+24,2.62E+24,2.17E+24,1.80E+24,1.60E+24
1.68E+00,1.22E+25,9.94E+24,7.43E+24,5.69E+24,4.52E+24,3.52E+24,2.98E+24,2.51E+24,2.16E+24,1.80E+24
1.69E+00,1.43E+25,1.15E+25,8.79E+24,6.74E+24,5.48E+24,4.60E+24,3.70E+24,3.10E+24,2.64E+24,2.23E+24
1.70E+00,1.46E+25,1.21E+25,9.68E+24,7.54E+24,6.20E+24,5.05E+24,4.34E+24,3.72E+24,3.01E+24,2.56E+24
1.71E+00,1.55E+25,1.29E+25,1.03E+25,8.42E+24,6.69E+24,5.25E+24,4.30E+24,3.63E+24,3.18E+24,2.62E+24
1.72E+00,1.66E+25,1.38E+25,1.08E+25,8.65E+24,6.97E+24,5.76E+24,4.89E+24,4.02E+24,3.47E+24,2.94E+24
1.73E+00,1.88E+25,1.55E+25,1.20E+25,9.58E+24,7.88E+24,6.48E+24,5.37E+24,4.38E+24,3.68E+24,3.30E+24
1.74E+00,1.95E+25,1.67E+25,1.35E+25,1.07E+25,8.36E+24,6.74E+24,5.75E+24,4.84E+24,4.28E+24,3.52E+24
1.75E+00,2.04E+25,1.77E+25,1.44E+25,1.19E+25,9.60E+24,7.67E+24,6.30E+24,5.35E+24,4.56E+24,3.99E+24
1.76E+00,2.35E+25,2.02E+25,1.67E+25,1.33E+25,1.05E+25,8.45E+24,6.98E+24,5.69E+24,4.80E+24,4.11E+24
1.77E+00,2.58E+25,2.19E+25,1.75E+25,1.39E+25,1.12E+25,9.02E+24,7.22E+24,6.10E+24,5.16E+24,4.36E+24
1.78E+00,2.71E+25,2.33E+25,1.87E+25,1.46E+25,1.18E+25,9.65E+24,7.84E+24,6.29E+24,5.37E+24,4.63E+24
1.79E+00,2.90E+25,2.45E+25,1.96E+25,1.53E+25,1.21E+25,9.75E+24,7.82E+24,6.40E+24,5.26E+24,4.44E+24
1.80E+00,3.05E+25,2.53E+25,1.98E+25,1.54E+25,1.22E+25,9.67E+24,7.86E+24,6.13E+24,5.10E+24,4.17E+24
1.81E+00,3.14E+25,2.58E+25,1.96E+25,1.54E+25,1.18E+25,9.40E+24,7.53E+24,6.11E+24,5.10E+24,4.27E+24
1.82E+00,3.18E+25,2.54E+25,1.96E+25,1.50E+25,1.14E+25,9.11E+24,7.72E+24,6.05E+24,5.10E+24,4.43E+24
1.83E+00,3.19E+25,2.49E+25,1.89E+25,1.45E+25,1.13E+25,8.82E+24,6.97E+24,5.69E+24,4.57E+24,3.86E+24
1.84E+00,3.05E+25,2.39E+25,1.77E+25,1.34E+25,1.02E+25,7.99E+24,6.64E+24,5.56E+24,4.73E+24,4.02E+24
1.85E+00,2.83E+25,2.18E+25,1.61E+25,1.18E+25,8.95E+24,7.12E+24,5.81E+24,4.70E+24,3.93E+24,3.36E+24
1.86E+00,2.45E+25,1.91E+25,1.37E+25,1.01E+25,7.67E+24,6.13E+24,4.74E+24,3.84E+24,3.25E+24,2.79E+24
1.87E+00,2.22E+25,1.70E+25,1.23E+25,9.06E+24,6.88E+24,5.32E+24,4.45E+24,3.54E+24,3.01E+24,2.59E+24
1.88E+00,2.02E+25,1.53E+25,1.13E+25,8.11E+24,6.10E+24,4.83E+24,3.76E+24,3.02E+24,2.44E+24,2.04E+24
1.89E+00,1.68E+25,1.32E+25,9.79E+24,7.39E+24,5.50E+24,4.37E+24,3.37E+24,2.80E+24,2.28E+24,1.81E+24
1.90E+00,1.45E+25,1.11E+25,8.18E+24,6.04E+24,4.59E+24,3.63E+24,2.81E+24,2.12E+24,1.86E+24,1.53E+24
1.91E+00,1.17E+25,9.72E+24,7.20E+24,5.52E+24,4.01E+24,3.23E+24,2.45E+24,1.98E+24,1.58E+24,1.40E+24
1.92E+00,1.11E+25,8.50E+24,6.12E+24,4.75E+24,3.64E+24,2.79E+24,2.29E+24,1.73E+24,1.56E+24,1.35E+24
1.93E+00,9.88E+24,7.50E+24,5.56E+24,4.05E+24,3.26E+24,2.71E+24,2.20E+24,1.79E+24,1.43E+24,1.26E+24
1.94E+00,8.89E+24,6.99E+24,5.29E+24,4.04E+24,3.08E+24,2.52E+24,1.96E+24,1.64E+24,1.47E+24,1.24E+24
1.95E+00,8.66E+24,6.76E+24,5.17E+24,3.62E+24,2.74E+24,2.26E+24,1.77E+24,1.33E+24,1.13E+24,1.02E+24
1.96E+00,8.25E+24,6.38E+24,4.61E+24,3.73E+24,2.93E+24,2.27E+24,2.04E+24,1.70E+24,1.45E+24,1.21E+24
1.97E+00,7.88E+24,6.43E+24,4.79E+24,3.71E+24,2.90E+24,2.28E+24,1.89E+24,1.55E+24,1.20E+24,9.47E+23
1.98E+00,7.67E+24,6.37E+24,4.81E+24,3.82E+24,2.93E+24,2.41E+24,1.98E+24,1.71E+24,1.45E+24,1.22E+24
1.99E+00,7.76E+24,6.18E+24,4.56E+24,3.37E+24,2.60E+24,2.15E+24,1.77E+24,1.51E+24,1.19E+24,9.72E+23
2.00E+00,7.88E+24,6.24E+24,4.57E+24,3.38E+24,2.61E+24,2.05E+24,1.55E+24,1.25E+24,1.09E+24,9.23E+23
2.01E+00,8.03E+24,6.19E+24,4.45E+24,3.51E+24,2.66E+24,2.10E+24,1.75E+24,1.40E+24,1.18E+24,1.07E+24
2.02E+00,7.14E+24,5.38E+24,4.24E+24,3.02E+24,2.22E+24,1.76E+24,1.46E+24,1.24E+24,1.04E+24,8.86E+23
2.03E+00,7.23E+24,5.55E+24,4.09E+24,3.11E+24,2.32E+24,1.79E+24,1.49E+24,1.17E+24,9.89E+23,7.94E+23
2.04E+00,6.93E+24,5.40E+24,4.09E+24,2.80E+24,2.02E+24,1.45E+24,1.19E+24,1.02E+24,8.63E+23,6.69E+23
2.05E+00,6.44E+24,4.74E+24,3.58E+24,2.58E+24,1.92E+24,1.46E+24,1.20E+24,9.63E+23,8.16E+23,7.00E+23
2.06E+00,5.93E+24,4.62E+24,3.52E+24,2.64E+24,2.09E+24,1.66E+24,1.33E+24,9.85E+23,7.85E+23,6.71E+23
2.07E+00,5.41E+24,4.35E+24,3.15E+24,2.43E+24,1.87E+24,1.49E+24,1.17E+24,9.57E+23,8.17E+23,6.44E+23
2.08E+00,5.44E+24,4.24E+24,3.02E+24,2.17E+24,1.67E+24,1.36E+24,1.07E+24,8.51E+23,6.50E+23,5.29E+23
2.09E+00,4.82E+24,3.48E+24,2.51E+24,1.85E+24,1.44E+24,1.13E+24,9.22E+23,7.24E+23,5.89E+23,5.35E+23
2.10E+00,4.48E+24,3.66E+24,2.82E+24,2.03E+24,1.60E+24,1.31E+24,9.99E+23,9.01E+23,7.14E+23,6.09E+23
2.11E+00,3.86E+24,2.92E+24,2.11E+24,1.50E+24,1.20E+24,9.16E+23,7.68E+23,6.57E+23,5.67E+23,4.70E+23
2.12E+00,3.73E+24,2.87E+24,2.05E+24,1.67E+24,1.20E+24,8.81E+23,7.02E+23,6.07E+23,5.11E+23,4.23E+23
2.13E+00,3.60E+24,2.54E+24,1.97E+24,1.64E+24,1.24E+24,9.54E+23,7.76E+23,6.88E+23,6.13E+23,5.14E+23
2.14E+00,3.15E+24,2.41E+24,1.73E+24,1.31E+24,9.28E+23,7.04E+23,6.02E+23,4.73E+23,4.16E+23,3.70E+23
2.15E+00,2.92E+24,2.14E+24,1.55E+24,1.14E+24,8.88E+23,7.52E+23,5.95E+23,5.06E+23,3.64E+23,2.75E+23
2.16E+00,2.74E+24,1.84E+24,1.39E+24,1.03E+24,8.68E+23,6.58E+23,5.46E+23,4.05E+23,3.38E+23,2.93E+23
2.17E+00,2.68E+24,1.95E+24,1.31E+24,9.34E+23,6.88E+23,5.02E+23,4.23E+23,3.42E+23,2.76E+23,2.47E+23
2.18E+00,2.15E+24,1.53E+24,1.06E+24,7.94E+23,6.27E+23,4.45E+23,3.58E+23,2.91E+23,2.68E+23,2.47E+23
2.19E+00,2.05E+24,1.57E+24,1.22E+24,7.86E+23,5.62E+23,4.16E+23,3.32E+23,2.30E+23,1.64E+23,1.28E+23
2.20E+00,1.70E+24,1.15E+24,8.87E+23,6.94E+23,5.12E+23,4.16E+23,2.79E+23,2.50E+23,2.28E+23,1.68E+23
2.21E+00,1.40E+24,1.12E+24,7.47E+23,5.39E+23,4.04E+23,3.12E+23,2.28E+23,1.25E+23,1.17E+23,1.17E+23
2.22E+00,1.34E+24,1.00E+24,7.03E+23,4.78E+23,3.71E+23,3.13E+23,2.62E+23,2.04E+23,1.90E+23,1.24E+23
2.23E+00,1.20E+24,9.21E+23,6.55E+23,4.41E+23,3.34E+23,2.92E+23,2.56E+23,2.21E+23,1.91E+23,1.69E+23
2.24E+00,9.81E+23,7.82E+23,5.87E+23,4.07E+23,3.57E+23,2.79E+23,2.07E+23,1.71E+23,1.42E+23,1.09E+23
2.25E+00,9.51E+23,6.94E+23,5.28E+23,3.46E+23,2.36E+23,1.44E+23,7.99E+22,4.42E+22,5.15E+22,5.85E+22
2.26E+00,7.54E+23,5.41E+23,4.06E+23,2.46E+23,1.94E+23,1.80E+23,1.23E+23,1.09E+23,1.08E+23,7.93E+22
2.27E+00,8.28E+23,6.07E+23,4.26E+23,2.61E+23,2.32E+23,1.72E+23,1.36E+23,1.28E+23,1.15E+23,1.08E+23
2.28E+00,5.21E+23,3.04E+23,2.36E+23,1.80E+23,1.66E+23,1.25E+23,1.10E+23,8.85E+22,8.20E+22,6.14E+22
2.29E+00,5.34E+23,3.87E+23,3.02E+23,2.34E+23,1.44E+23,1.43E+23,1.02E+23,1.00E+23,9.26E+22,4.31E+22
2.30E+00,4.73E+23,3.17E+23,2.36E+23,1.56E+23,1.00E+23,7.94E+22,5.07E+22,2.96E+22,2.23E+22,1.48E+22
2.31E+00,4.30E+23,3.17E+23,2.45E+23,2.31E+23,1.89E+23,1.47E+23,1.19E+23,7.75E+22,6.43E+22,6.43E+22
2.32E+00,3.25E+23,2.67E+23,1.59E+23,1.11E+23,8.24E+22,5.56E+22,4.14E+22,1.33E+22,1.35E+22,1.35E+22
2.33E+00,3.74E+23,2.25E+23,1.26E+23,8.26E+22,5.53E+22,2.75E+22,2.75E+22,3.43E+22,2.75E+22,1.38E+22
2.34E+00,3.18E+23,2.14E+23,1.98E+23,1.27E+23,7.84E+22,5.76E+22,5.56E+22,6.20E+22,4.19E+22,2.85E+22
2.35E+00,3.32E+23,3.31E+23,2.16E+23,1.26E+23,9.90E+22,6.99E+22,4.84E+22,4.17E+22,3.49E+22,1.43E+22
2.36E+00,2.61E+23,2.35E+23,1.34E+23,1.21E+23,1.08E+23,7.44E+22,4.77E+22,4.03E+22,4.03E+22,2.07E+22
2.37E+00,2.66E+23,2.16E+23,1.90E+23,1.38E+23,9.77E+22,7.74E+22,6.33E+22,4.18E+22,4.18E+22,2.85E+22
2.38E+00,3.29E+23,2.16E+23,1.68E+23,1.03E+23,7.46E+22,5.41E+22,4.07E+22,3.42E+22,3.41E+22,3.41E+22
2.39E+00,2.96E+23,2.06E+23,1.26E+23,7.34E+22,4.77E+22,4.10E+22,1.38E+22,1.38E+22,2.06E+22,2.06E+22
2.40E+00,2.33E+23,2.25E+23,1.94E+23,1.34E+23,8.78E+22,6.73E+22,4.02E+22,2.04E+22,7.05E+21,7.04E+21
2.41E+00,2.32E+23,2.24E+23,1.98E+23,1.01E+23,7.39E+22,6.15E+22,4.07E+22,3.37E+22,4.06E+22,3.41E+22
2.42E+00,2.36E+23,1.84E+23,1.40E+23,9.39E+22,8.06E+22,6.09E+22,4.87E+22,4.82E+22,3.48E+22,2.78E+22
2.43E+00,2.39E+23,2.18E+23,1.00E+23,7.95E+22,7.26E+22,6.49E+22,3.17E+22,1.98E+22,2.68E+22,2.00E+22
2.44E+00,2.49E+23,1.56E+23,1.12E+23,8.02E+22,6.07E+22,6.03E+22,4.76E+22,4.10E+22,2.78E+22,2.09E+22
2.45E+00,2.12E+23,1.53E+23,1.14E+23,9.49E+22,8.15E+22,4.73E+22,3.41E+22,2.08E+22,1.40E+22,2.05E+22
2.46E+00,2.68E+23,2.20E+23,1.51E+23,1.38E+23,9.84E+22,8.59E+22,7.98E+22,5.30E+22,5.30E+22,5.30E+22
2.47E+00,2.18E+23,1.58E+23,9.17E+22,7.93E+22,6.65E+22,4.67E+22,3.38E+22,2.03E+22,2.03E+22,6.70E+21
2.48E+00,2.41E+23,1.48E+23,1.24E+23,9.80E+22,7.91E+22,6.59E+22,6.59E+22,6.59E+22,4.04E+22,2.05E+22
2.49E+00,2.14E+23,1.57E+23,1.10E+23,8.42E+22,5.79E+22,4.46E+22,3.18E+22,2.56E+22,1.94E+22,6.85E+21
2.50E+00,1.99E+23,1.49E+23,1.03E+23,9.08E+22,5.80E+22,3.85E+22,1.98E+22,1.98E+22,2.60E+22,2.60E+22
2.51E+00,2.09E+23,1.31E+23,6.28E+22,5.10E+22,3.82E+22,4.38E+22,2.49E+22,2.49E+22,2.49E+22,1.83E+22
2.52E+00,1.46E+23,1.32E+23,5.72E+22,5.82E+22,5.16E+22,3.88E+22,5.82E+22,5.84E+22,5.18E+22,3.29E+22
2.53E+00,1.41E+23,1.32E+23,6.43E+22,5.85E+22,4.58E+22,2.73E+22,2.04E+22,2.04E+22,2.05E+22,2.04E+22
2.54E+00,1.19E+23,9.71E+22,9.85E+22,6.71E+22,5.79E+22,5.79E+22,5.14E+22,3.28E+22,3.91E+22,3.91E+22
2.55E+00,1.60E+23,9.55E+22,7.79E+22,7.06E+22,5.82E+22,5.20E+22,3.31E+22,1.98E+22,1.98E+22,1.98E+22
2.56E+00,1.30E+23,6.70E+22,4.17E+22,4.22E+22,3.62E+22,2.95E+22,1.86E+22,1.25E+22,1.25E+22,6.47E+21
2.57E+00,7.91E+22,6.24E+22,5.08E+22,4.49E+22,4.49E+22,2.58E+22,2.60E+22,2.60E+22,2.60E+22,1.31E+22
2.58E+00,2.34E+23,1.98E+23,1.39E+23,6.35E+22,5.06E+22,3.83E+22,2.59E+22,1.94E+22,1.89E+22,1.89E+22
2.59E+00,1.52E+23,1.01E+23,9.55E+22,8.92E+22,5.77E+22,3.21E+22,2.55E+22,1.30E+22,6.62E+21,0.00E+00
2.60E+00,1.61E+23,1.10E+23,8.56E+22,5.01E+22,3.19E+22,1.89E+22,1.90E+22,2.52E+22,1.27E+22,1.27E+22
2.61E+00,1.62E+23,1.23E+23,6.16E+22,3.66E+22,2.47E+22,1.82E+22,3.10E+22,3.09E+22,3.71E+22,3.71E+22
2.62E+00,1.31E+23,1.04E+23,8.15E+22,6.35E+22,4.44E+22,1.29E+22,1.29E+22,6.53E+21,6.52E+21,1.30E+22
2.63E+00,1.13E+23,7.48E+22,7.63E+22,6.37E+22,6.89E+22,3.80E+22,3.15E+22,3.02E+22,1.87E+22,1.87E+22
2.64E+00,1.88E+23,1.46E+23,9.90E+22,9.27E+22,9.25E+22,6.22E+22,4.36E+22,3.10E+22,2.50E+22,1.86E+22
2.65E+00,1.83E+23,1.18E+23,7.58E+22,6.91E+22,4.36E+22,3.10E+22,1.19E+22,1.21E+22,1.82E+22,6.10E+21
2.66E+00,1.95E+23,1.50E+23,7.82E+22,4.32E+22,2.55E+22,2.55E+22,1.29E+22,1.29E+22,6.47E+21,6.48E+21
2.67E+00,1.26E+23,1.46E+23,1.29E+23,9.39E+22,8.34E+22,8.38E+22,5.97E+22,5.39E+22,4.34E+22,4.34E+22
2.68E+00,1.71E+23,9.15E+22,5.94E+22,4.72E+22,3.66E+22,4.28E+22,3.12E+22,3.12E+22,3.07E+22,1.86E+22
2.69E+00,1.21E+23,1.01E+23,7.27E+22,4.99E+22,4.34E+22,3.70E+22,2.46E+22,1.26E+22,1.26E+22,6.24E+21
2.70E+00,8.54E+22,4.34E+22,3.73E+22,3.12E+22,3.71E+22,3.08E+22,3.71E+22,3.10E+22,3.09E+22,3.03E+22
2.71E+00,1.32E+23,9.43E+22,7.15E+22,3.65E+22,4.82E+22,3.06E+22,3.07E+22,3.06E+22,3.06E+22,3.06E+22
2.72E+00,1.06E+23,9.47E+22,6.55E+22,4.72E+22,3.59E+22,2.99E+22,2.37E+22,1.81E+22,0.00E+00,0.00E+00
2.73E+00,1.76E+23,9.98E+22,7.78E+22,3.65E+22,3.63E+22,3.03E+22,3.62E+22,3.04E+22,1.25E+22,6.34E+21
2.74E+00,1.23E+23,1.05E+23,8.17E+22,6.41E+22,5.84E+22,3.54E+22,2.40E+22,2.40E+22,1.79E+22,1.79E+22
2.75E+00,1.02E+23,7.85E+22,6.45E+22,4.77E+22,3.58E+22,1.80E+22,1.80E+22,1.80E+22,1.24E+22,1.24E+22
2.76E+00,7.01E+22,5.13E+22,3.54E+22,2.33E+22,1.76E+22,2.36E+22,2.91E+22,2.32E+22,1.76E+22,1.76E+22
2.77E+00,7.56E+22,5.85E+22,5.19E+22,4.64E+22,3.49E+22,2.95E+22,2.40E+22,2.40E+22,1.19E+22,0.00E+00
2.78E+00,1.20E+23,1.28E+23,9.47E+22,8.28E+22,5.90E+22,4.77E+22,4.17E+22,3.00E+22,1.21E+22,6.02E+21
2.79E+00,9.85E+22,9.19E+22,5.27E+22,4.20E+22,3.03E+22,3.56E+22,2.94E+22,2.94E+22,2.94E+22,2.34E+22
2.80E+00,1.03E+23,5.21E+22,6.24E+22,4.53E+22,2.83E+22,1.17E+22,5.80E+21,0.00E+00,0.00E+00,0.00E+00
2.81E+00,8.56E+22,8.25E+22,7.62E+22,4.08E+22,4.07E+22,4.07E+22,3.47E+22,2.92E+22,1.77E+22,1.17E+22
2.82E+00,1.31E+23,1.22E+23,7.60E+22,5.81E+22,4.11E+22,4.67E+22,2.91E+22,2.93E+22,2.93E+22,2.34E+22
2.83E+00,1.06E+23,8.03E+22,8.00E+22,6.23E+22,3.98E+22,2.27E+22,1.72E+22,5.89E+21,5.89E+21,5.89E+21
2.84E+00,7.54E+22,5.77E+22,5.17E+22,3.41E+22,1.69E+22,1.10E+22,1.67E+22,1.67E+22,1.67E+22,1.12E+22
2.85E+00,1.01E+23,8.30E+22,5.03E+22,2.26E+22,2.82E+22,1.15E+22,6.09E+21,6.09E+21,6.09E+21,1.19E+22
2.86E+00,1.14E+23,6.16E+22,6.22E+22,5.64E+22,2.85E+22,1.78E+22,1.78E+22,5.82E+21,5.82E+21,5.81E+21
2.87E+00,1.02E+23,7.84E+22,5.04E+22,4.51E+22,3.96E+22,2.83E+22,1.14E+22,1.17E+22,1.17E+22,1.17E+22
2.88E+00,1.17E+23,7.25E+22,4.90E+22,2.78E+22,2.79E+22,2.79E+22,2.23E+22,1.68E+22,1.68E+22,1.12E+22
2.89E+00,1.08E+23,1.11E+23,7.32E+22,6.83E+22,6.27E+22,5.69E+22,4.58E+22,3.40E+22,2.87E+22,2.28E+22
2.90E+00,1.05E+23,1.12E+23,7.38E+22,4.02E+22,3.39E+22,2.80E+22,3.35E+22,2.26E+22,1.67E+22,1.14E+22
2.91E+00,4.88E+22,3.83E+22,3.86E+22,3.34E+22,1.64E+22,5.36E+21,1.13E+22,5.97E+21,5.96E+21,5.96E+21
2.92E+00,8.83E+22,7.06E+22,3.80E+22,1.64E+22,1.64E+22,1.09E+22,5.38E+21,5.38E+21,0.00E+00,0.00E+00
2.93E+00,8.37E+22,7.33E+22,5.05E+22,5.01E+22,4.43E+22,3.29E+22,3.85E+22,2.74E+22,1.66E+22,1.66E+22
2.94E+00,5.36E+22,5.94E+22,4.42E+22,3.88E+22,3.32E+22,2.25E+22,2.25E+22,1.68E+22,2.23E+22,2.23E+22
2.95E+00,1.23E+23,9.98E+22,6.11E+22,7.25E+22,7.83E+22,5.64E+22,3.36E+22,2.25E+22,2.25E+22,1.73E+22
2.96E+00,6.38E+22,3.85E+22,3.87E+22,1.71E+22,0.00E+00,0.00E+00,0.00E+00,0.00E+00,0.00E+00,0.00E+00
2.97E+00,1.08E+23,8.26E+22,6.61E+22,2.25E+22,2.20E+22,1.11E+22,5.74E+21,0.00E+00,0.00E+00,0.00E+00
2.98E+00,1.11E+23,9.33E+22,7.75E+22,6.70E+22,6.14E+22,4.48E+22,3.35E+22,2.24E+22,1.14E+22,1.14E+22
2.99E+00,5.59E+22,4.88E+22,3.84E+22,2.76E+22,1.12E+22,1.67E+22,2.23E+22,1.66E+22,1.66E+22,1.66E+22
3.00E+00,2.34E+23,1.89E+23,1.63E+23,1.36E+23,8.72E+22,5.51E+22,4.97E+22,3.88E+22,3.32E+22,3.86E+22
3.03E+00,1.55E+23,1.11E+23,1.07E+23,9.19E+22,4.95E+22,4.39E+22,3.31E+22,2.78E+22,1.67E+22,2.20E+22
3.05E+00,2.10E+23,1.67E+23,1.02E+23,8.13E+22,6.55E+22,6.53E+22,5.99E+22,5.40E+22,4.34E+22,2.74E+22
3.08E+00,1.67E+23,1.53E+23,9.54E+22,6.94E+22,4.23E+22,3.67E+22,3.17E+22,2.63E+22,2.64E+22,2.64E+22
3.10E+00,2.22E+23,2.06E+23,1.32E+23,1.01E+23,8.54E+22,6.92E+22,4.84E+22,3.23E+22,2.67E+22,2.67E+22
3.13E+00,1.74E+23,1.25E+23,9.52E+22,4.76E+22,4.77E+22,4.19E+22,2.60E+22,1.58E+22,1.08E+22,1.08E+22
3.15E+00,1.64E+23,9.96E+22,9.47E+22,6.89E+22,5.83E+22,4.19E+22,3.14E+22,1.61E+22,1.08E+22,5.29E+21
3.17E+00,1.67E+23,1.60E+23,1.25E+23,5.22E+22,3.69E+22,3.15E+22,2.62E+22,2.58E+22,2.63E+22,2.62E+22
3.20E+00,1.72E+23,1.22E+23,1.00E+23,7.43E+22,7.71E+22,6.15E+22,5.16E+22,3.12E+22,2.58E+22,1.03E+22
3.22E+00,1.65E+23,1.06E+23,8.03E+22,6.05E+22,7.11E+22,6.58E+22,4.07E+22,3.54E+22,1.98E+22,0.00E+00
3.25E+00,1.81E+23,1.29E+23,8.60E+22,6.58E+22,4.59E+22,3.63E+22,2.09E+22,2.06E+22,2.05E+22,1.55E+22
3.28E+00,1.41E+23,1.19E+23,8.61E+22,7.11E+22,6.07E+22,3.59E+22,2.58E+22,2.11E+22,2.11E+22,2.11E+22
3.30E+00,1.51E+23,1.24E+23,7.01E+22,6.50E+22,4.46E+22,3.46E+22,2.97E+22,2.47E+22,2.47E+22,1.99E+22
3.33E+00,1.17E+23,8.26E+22,4.96E+22,3.00E+22,3.47E+22,2.50E+22,2.50E+22,1.49E+22,1.02E+22,1.02E+22
3.35E+00,1.04E+23,7.29E+22,5.86E+22,2.94E+22,1.48E+22,1.98E+22,2.44E+22,2.42E+22,1.93E+22,1.94E+22
3.38E+00,1.08E+23,6.89E+22,6.85E+22,4.47E+22,2.49E+22,2.98E+22,2.46E+22,1.99E+22,1.50E+22,1.01E+22
3.40E+00,1.41E+23,1.20E+23,7.27E+22,4.89E+22,3.88E+22,2.97E+22,2.97E+22,2.97E+22,2.49E+22,2.49E+22
3.42E+00,1.21E+23,1.16E+23,7.30E+22,6.81E+22,5.86E+22,3.88E+22,2.38E+22,2.42E+22,2.42E+22,1.48E+22
3.45E+00,1.23E+23,1.00E+23,4.88E+22,5.39E+22,4.91E+22,2.51E+22,2.51E+22,2.01E+22,1.01E+22,5.04E+21
3.47E+00,1.36E+23,1.00E+23,4.32E+22,2.88E+22,2.88E+22,9.46E+21,1.40E+22,1.40E+22,9.48E+21,4.97E+21
3.50E+00,1.14E+23,9.44E+22,7.07E+22,6.15E+22,4.26E+22,3.37E+22,1.94E+22,1.94E+22,1.45E+22,1.45E+22
3.53E+00,1.05E+23,6.06E+22,6.58E+22,7.10E+22,6.16E+22,5.68E+22,4.74E+22,4.29E+22,2.83E+22,1.41E+22
3.55E+00,1.32E+23,1.15E+23,5.49E+22,4.16E+22,4.18E+22,3.25E+22,3.25E+22,2.31E+22,1.87E+22,1.40E+22
3.58E+00,9.68E+22,7.50E+22,5.20E+22,4.73E+22,3.79E+22,2.82E+22,1.86E+22,9.22E+21,4.87E+21,4.87E+21
3.60E+00,6.27E+22,4.58E+22,4.16E+22,2.29E+22,1.85E+22,2.34E+22,1.85E+22,4.70E+21,4.70E+21,4.70E+21
3.63E+00,9.42E+22,5.39E+22,4.50E+22,4.02E+22,4.04E+22,3.13E+22,3.14E+22,2.70E+22,1.38E+22,9.14E+21
3.65E+00,8.69E+22,6.24E+22,5.34E+22,2.24E+22,8.97E+21,8.57E+21,1.34E+22,1.36E+22,1.80E+22,1.80E+22
3.67E+00,8.89E+22,8.54E+22,6.76E+22,3.14E+22,2.24E+22,2.24E+22,2.67E+22,2.24E+22,2.69E+22,2.27E+22
3.70E+00,8.68E+22,1.07E+23,7.66E+22,4.03E+22,3.57E+22,3.10E+22,1.74E+22,1.74E+22,1.74E+22,1.32E+22
3.72E+00,6.20E+22,7.30E+22,8.65E+22,6.79E+22,5.86E+22,3.62E+22,1.81E+22,1.81E+22,1.81E+22,1.81E+22
3.75E+00,6.82E+22,4.70E+22,3.41E+22,3.41E+22,2.57E+22,2.13E+22,2.56E+22,2.17E+22,1.72E+22,1.72E+22
3.78E+00,7.62E+22,7.14E+22,5.31E+22,4.82E+22,2.66E+22,1.38E+22,1.38E+22,9.13E+21,9.13E+21,9.05E+21
3.80E+00,5.25E+22,6.08E+22,4.34E+22,2.61E+22,3.03E+22,3.03E+22,2.57E+22,2.16E+22,8.67E+21,8.67E+21
3.83E+00,1.06E+23,8.27E+22,6.05E+22,5.29E+22,3.14E+22,3.14E+22,2.24E+22,2.24E+22,2.24E+22,2.22E+22
3.85E+00,6.35E+22,4.72E+22,2.57E+22,2.18E+22,8.77E+21,8.77E+21,1.31E+22,1.74E+22,8.75E+21,4.35E+21
3.88E+00,7.19E+22,6.42E+22,5.60E+22,4.33E+22,3.88E+22,3.47E+22,2.59E+22,2.61E+22,1.75E+22,1.75E+22
3.90E+00,5.20E+22,4.61E+22,4.18E+22,2.50E+22,7.65E+21,7.41E+21,7.25E+21,7.25E+21,4.04E+21,4.04E+21
3.92E+00,6.88E+22,7.30E+22,5.98E+22,4.37E+22,3.50E+22,2.20E+22,1.76E+22,1.31E+22,1.31E+22,1.31E+22
3.95E+00,4.18E+22,3.84E+22,3.44E+22,1.70E+22,2.94E+22,2.94E+22,2.52E+22,2.11E+22,1.67E+22,1.27E+22
3.97E+00,7.38E+22,3.40E+22,3.38E+22,1.69E+22,8.15E+21,1.68E+22,1.29E+22,1.29E+22,1.29E+22,1.29E+22
4.00E+00,9.62E+22,5.78E+22,4.58E+22,3.29E+22,2.90E+22,2.49E+22,1.27E+22,1.27E+22,8.42E+21,8.42E+21
4.03E+00,5.66E+22,4.47E+22,3.24E+22,2.42E+22,1.64E+22,2.05E+22,2.46E+22,2.46E+22,2.05E+22,1.69E+22
4.05E+00,6.35E+22,4.08E+22,3.70E+22,3.30E+22,2.91E+22,2.08E+22,1.24E+22,1.24E+22,1.25E+22,8.41E+21
4.07E+00,5.28E+22,4.92E+22,4.49E+22,4.49E+22,3.70E+22,2.85E+22,1.62E+22,8.11E+21,4.25E+21,4.24E+21
4.10E+00,6.76E+22,6.55E+22,3.27E+22,2.84E+22,2.03E+22,1.19E+22,1.19E+22,7.64E+21,7.66E+21,7.66E+21
4.13E+00,5.52E+22,2.78E+22,3.61E+22,3.27E+22,3.28E+22,2.10E+22,1.68E+22,1.68E+22,1.68E+22,2.07E+22
4.15E+00,1.94E+22,7.89E+21,1.67E+22,1.26E+22,1.22E+22,1.22E+22,8.07E+21,8.07E+21,4.24E+21,4.24E+21
4.18E+00,6.66E+22,4.35E+22,1.57E+22,1.57E+22,8.20E+21,4.01E+21,4.01E+21,4.01E+21,7.96E+21,1.19E+22
4.20E+00,6.21E+22,3.60E+22,2.40E+22,2.00E+22,2.00E+22,1.62E+22,1.20E+22,1.20E+22,1.20E+22,8.01E+21
4.22E+00,5.43E+22,4.61E+22,1.89E+22,3.76E+21,3.77E+21,3.77E+21,3.77E+21,0.00E+00,0.00E+00,0.00E+00
4.25E+00,4.81E+22,4.03E+22,2.87E+22,1.93E+22,1.96E+22,1.55E+22,1.20E+22,1.20E+22,1.20E+22,1.20E+22
4.28E+00,5.78E+22,2.71E+22,1.52E+22,1.15E+22,1.15E+22,1.17E+22,3.89E+21,3.89E+21,3.89E+21,3.89E+21
4.30E+00,4.41E+22,4.24E+22,2.73E+22,8.00E+21,4.03E+21,4.03E+21,4.03E+21,0.00E+00,0.00E+00,0.00E+00
4.32E+00,2.99E+22,2.30E+22,1.93E+22,1.56E+22,1.56E+22,1.87E+22,1.46E+22,1.46E+22,7.63E+21,7.63E+21
4.35E+00,5.05E+22,2.83E+22,2.46E+22,8.84E+21,8.84E+21,1.28E+22,1.28E+22,1.28E+22,4.94E+21,4.05E+21
4.38E+00,2.53E+22,1.44E+22,1.47E+22,1.88E+22,1.88E+22,1.50E+22,0.00E+00,0.00E+00,0.00E+00,0.00E+00
4.40E+00,4.56E+22,3.11E+22,3.47E+22,2.32E+22,1.94E+22,1.54E+22,1.54E+22,1.18E+22,7.91E+21,7.91E+21
4.43E+00,3.05E+22,3.39E+22,2.30E+22,1.55E+22,1.15E+22,7.58E+21,1.15E+22,7.71E+21,7.71E+21,7.71E+21
4.45E+00,3.76E+22,2.29E+22,1.86E+22,1.50E+22,3.94E+21,3.94E+21,0.00E+00,0.00E+00,0.00E+00,0.00E+00
4.47E+00,3.40E+22,2.65E+22,1.89E+22,1.89E+22,1.16E+22,1.54E+22,1.15E+22,1.15E+22,7.73E+21,7.73E+21
4.50E+00,5.38E+22,4.02E+22,2.93E+22,1.85E+22,1.49E+22,7.55E+21,7.55E+21,7.55E+21,7.55E+21,3.75E+21
4.53E+00,5.45E+22,2.58E+22,1.12E+22,1.47E+22,1.45E+22,1.45E+22,6.97E+21,3.50E+21,3.50E+21,3.50E+21
4.55E+00,3.22E+22,1.43E+22,1.43E+22,1.08E+22,3.78E+21,3.79E+21,7.40E+21,3.79E+21,3.79E+21,3.79E+21
4.57E+00,2.47E+22,6.89E+21,0.00E+00,0.00E+00,0.00E+00,3.82E+21,3.82E+21,3.82E+21,3.82E+21,3.82E+21
4.60E+00,2.19E+22,2.99E+22,2.63E+22,2.63E+22,1.88E+22,1.49E+22,1.12E+22,1.11E+22,1.11E+22,1.11E+22
4.63E+00,3.07E+22,1.39E+22,1.08E+22,1.44E+22,1.07E+22,7.07E+21,7.07E+21,3.42E+21,3.42E+21,3.42E+21
4.65E+00,3.91E+22,2.07E+22,2.41E+22,1.74E+22,1.06E+22,1.06E+22,1.08E+22,6.96E+21,6.96E+21,6.96E+21
4.68E+00,2.73E+22,1.77E+22,1.07E+22,1.07E+22,1.07E+22,1.04E+22,1.04E+22,1.03E+22,1.03E+22,1.03E+22
4.70E+00,2.76E+22,2.77E+22,1.42E+22,3.75E+21,0.00E+00,0.00E+00,0.00E+00,0.00E+00,0.00E+00,3.51E+21
4.72E+00,2.81E+22,2.09E+22,1.41E+22,1.05E+22,1.05E+22,6.95E+21,6.95E+21,3.57E+21,3.57E+21,3.57E+21
4.75E+00,1.71E+22,3.26E+21,0.00E+00,3.59E+21,7.09E+21,7.09E+21,3.50E+21,3.50E+21,3.50E+21,0.00E+00
4.78E+00,5.07E+22,3.19E+22,1.82E+22,1.08E+22,7.23E+21,3.67E+21,3.67E+21,3.67E+21,3.67E+21,3.67E+21
4.80E+00,3.03E+22,9.31E+21,9.22E+21,2.22E+21,2.22E+21,2.22E+21,0.00E+00,0.00E+00,0.00E+00,0.00E+00
4.82E+00,3.44E+22,2.80E+22,2.10E+22,1.44E+22,1.09E+22,7.23E+21,7.23E+21,7.23E+21,3.57E+21,3.57E+21
4.85E+00,2.64E+22,2.36E+22,1.71E+22,2.38E+22,3.10E+22,2.41E+22,1.74E+22,7.13E+21,3.64E+21,3.64E+21
4.88E+00,3.03E+22,1.68E+22,1.04E+22,1.38E+22,7.16E+21,3.56E+21,3.56E+21,3.42E+21,3.42E+21,3.42E+21
4.90E+00,2.78E+22,1.39E+22,6.81E+21,6.81E+21,1.03E+22,1.03E+22,1.03E+22,1.03E+22,6.70E+21,3.21E+21
4.93E+00,2.71E+22,1.70E+22,1.03E+22,3.55E+21,3.55E+21,0.00E+00,0.00E+00,0.00E+00,0.00E+00,0.00E+00
4.95E+00,2.99E+22,2.31E+22,2.65E+22,1.99E+22,1.67E+22,6.44E+21,3.33E+21,3.33E+21,3.33E+21,3.33E+21
4.97E+00,4.38E+22,3.03E+22,2.68E+22,1.34E+22,1.34E+22,3.52E+21,0.00E+00,0.00E+00,0.00E+00,0.00E+00
5.00E+00,3.99E+22,4.02E+22,3.30E+22,2.31E+22,2.32E+22,2.31E+22,1.66E+22,6.67E+21,0.00E+00,0.00E+00
5.05E+00,4.70E+22,5.91E+22,3.28E+22,2.62E+22,1.66E+22,9.79E+21,1.00E+22,6.86E+21,3.45E+21,0.00E+00
5.10E+00,4.60E+22,3.33E+22,3.31E+22,1.97E+22,1.66E+22,1.32E+22,1.00E+22,6.88E+21,1.01E+22,1.01E+22
5.15E+00,3.56E+22,4.23E+22,1.97E+22,1.93E+22,9.43E+21,6.44E+21,6.44E+21,3.06E+21,3.06E+21,0.00E+00
5.20E+00,6.43E+22,4.54E+22,3.27E+22,1.95E+22,1.31E+22,6.69E+21,6.68E+21,6.68E+21,6.68E+21,6.68E+21
5.25E+00,4.83E+22,1.95E+22,1.94E+22,1.28E+22,1.28E+22,9.55E+21,6.51E+21,0.00E+00,3.15E+21,3.15E+21
5.30E+00,2.89E+22,2.64E+22,1.72E+22,1.09E+22,1.06E+22,7.32E+21,4.31E+21,4.31E+21,4.31E+21,6.42E+21
5.35E+00,4.34E+22,2.19E+22,2.18E+22,1.54E+22,9.20E+21,5.93E+21,2.99E+21,0.00E+00,0.00E+00,0.00E+00
5.40E+00,3.25E+22,2.95E+22,2.10E+22,1.51E+22,9.22E+21,9.22E+21,9.22E+21,6.09E+21,6.20E+21,6.20E+21
5.45E+00,3.74E+22,3.11E+22,2.19E+22,1.55E+22,9.37E+21,6.15E+21,3.24E+21,3.24E+21,3.24E+21,0.00E+00
5.50E+00,3.50E+22,3.26E+22,1.82E+22,9.19E+21,9.18E+21,6.12E+21,6.12E+21,0.00E+00,0.00E+00,0.00E+00
5.55E+00,3.57E+22,2.11E+22,1.52E+22,1.22E+22,1.22E+22,6.02E+21,2.88E+21,0.00E+00,0.00E+00,0.00E+00
5.60E+00,3.56E+22,2.71E+22,1.78E+22,5.66E+21,2.81E+21,2.81E+21,0.00E+00,2.96E+21,2.96E+21,0.00E+00
5.65E+00,1.45E+22,8.96E+21,8.96E+21,1.20E+22,6.14E+21,6.14E+21,6.14E+21,6.14E+21,0.00E+00,0.00E+00
5.70E+00,3.56E+22,1.81E+22,1.19E+22,6.11E+21,3.06E+21,0.00E+00,0.00E+00,0.00E+00,0.00E+00,0.00E+00
5.75E+00,3.07E+22,2.22E+22,1.65E+22,7.76E+21,7.92E+21,7.92E+21,5.02E+21,5.02E+21,0.00E+00,0.00E+00
5.80E+00,3.11E+22,2.02E+22,8.85E+21,1.16E+22,5.68E+21,5.61E+21,2.88E+21,2.88E+21,2.88E+21,2.88E+21
5.85E+00,5.69E+21,5.69E+21,2.85E+21,2.89E+21,2.89E+21,5.71E+21,5.71E+21,2.89E+21,2.89E+21,2.89E+21
5.90E+00,2.87E+22,1.42E+22,8.59E+21,5.94E+21,5.95E+21,0.00E+00,2.83E+21,0.00E+00,0.00E+00,0.00E+00
5.95E+00,1.98E+22,8.42E+21,5.82E+21,2.80E+21,2.81E+21,2.81E+21,2.81E+21,0.00E+00,0.00E+00,0.00E+00
6.00E+00,1.02E+23,5.29E+22,3.65E+22,3.39E+22,2.82E+22,2.24E+22,1.96E+22,1.67E+22,1.41E+22,1.14E+22
6.20E+00,5.91E+22,4.85E+22,2.70E+22,3.22E+22,2.14E+22,1.60E+22,1.60E+22,1.32E+22,8.04E+21,8.04E+21
6.40E+00,4.71E+22,2.13E+22,1.47E+22,9.50E+21,6.78E+21,5.47E+21,2.74E+21,2.74E+21,2.74E+21,2.74E+21
6.60E+00,5.28E+22,3.06E+22,1.28E+22,1.28E+22,5.07E+21,5.06E+21,0.00E+00,0.00E+00,2.51E+21,2.51E+21
6.80E+00,4.65E+22,2.70E+22,2.23E+22,1.97E+22,1.25E+22,1.25E+22,9.94E+21,7.42E+21,7.42E+21,2.54E+21
7.00E+00,1.93E+22,1.68E+22,1.43E+22,4.98E+21,9.79E+21,7.28E+21,7.28E+21,4.89E+21,4.89E+21,2.47E+21
7.20E+00,2.80E+22,2.59E+22,1.89E+22,1.90E+22,1.66E+22,7.18E+21,4.83E+21,4.72E+21,2.42E+21,2.42E+21
7.40E+00,2.44E+22,1.77E+22,1.31E+22,8.80E+21,6.64E+21,2.16E+21,0.00E+00,0.00E+00,0.00E+00,0.00E+00
7.60E+00,2.55E+22,1.71E+22,1.05E+22,1.05E+22,8.41E+21,6.38E+21,2.08E+21,0.00E+00,0.00E+00,0.00E+00
7.80E+00,2.16E+22,1.72E+22,1.08E+22,6.44E+21,6.44E+21,2.04E+21,2.04E+21,2.04E+21,2.04E+21,2.04E+21
8.00E+00,1.04E+22,8.32E+21,8.32E+21,2.02E+21,2.02E+21,0.00E+00,0.00E+00,0.00E+00,0.00E+00,0.00E+00
8.20E+00,1.24E+22,6.17E+21,1.93E+21,3.99E+21,3.99E+21,3.99E+21,3.99E+21,1.92E+21,1.92E+21,1.92E+21
8.40E+00,9.87E+21,2.02E+21,2.02E+21,2.02E+21,0.00E+00,0.00E+00,0.00E+00,0.00E+00,0.00E+00,0.00E+00
8.60E+00,5.74E+21,3.89E+21,3.85E+21,3.85E+21,3.82E+21,1.95E+21,0.00E+00,1.93E+21,1.93E+21,1.93E+21
8.80E+00,5.42E+21,1.97E+21,1.97E+21,5.65E+21,1.79E+21,0.00E+00,0.00E+00,0.00E+00,0.00E+00,1.88E+21
9.00E+00,0.00E+00,0.00E+00,0.00E+00,0.00E+00,0.00E+00,0.00E+00,0.00E+00,0.00E+00,0.00E+00,0.00E+00
9.20E+00,3.67E+21,1.77E+21,0.00E+00,0.00E+00,0.00E+00,0.00E+00,0.00E+00,0.00E+00,0.00E+00,0.00E+00
9.40E+00,1.83E+21,1.83E+21,1.83E+21,1.83E+21,1.83E+21,1.83E+21,1.83E+21,0.00E+00,0.00E+00,0.00E+00
9.60E+00,9.97E+21,6.64E+21,6.77E+21,6.77E+21,3.31E+21,3.31E+21,1.66E+21,1.66E+21,0.00E+00,1.73E+21
9.80E+00,3.08E+22,2.41E+22,1.21E+22,8.74E+21,6.95E+21,6.94E+21,5.16E+21,5.16E+21,5.16E+21,1.62E+21
1.00E+01,1.60E+23,1.02E+23,6.01E+22,3.86E+22,3.37E+22,2.55E+22,1.53E+22,1.37E+22,1.19E+22,1.18E+22
1.05E+01,3.11E+21,1.60E+21,0.00E+00,0.00E+00,0.00E+00,0.00E+00,0.00E+00,0.00E+00,0.00E+00,0.00E+00
1.10E+01,1.57E+21,1.57E+21,1.57E+21,0.00E+00,0.00E+00,0.00E+00,0.00E+00,0.00E+00,0.00E+00,0.00E+00
1.15E+01,1.53E+21,0.00E+00,0.00E+00,0.00E+00,0.00E+00,0.00E+00,0.00E+00,0.00E+00,0.00E+00,0.00E+00
1.20E+01,1.47E+21,2.79E+21,2.79E+21,2.79E+21,0.00E+00,0.00E+00,0.00E+00,0.00E+00,0.00E+00,0.00E+00
1.25E+01,0.00E+00,0.00E+00,0.00E+00,0.00E+00,0.00E+00,0.00E+00,0.00E+00,0.00E+00,0.00E+00,0.00E+00
1.30E+01,1.30E+21,0.00E+00,0.00E+00,0.00E+00,0.00E+00,0.00E+00,0.00E+00,0.00E+00,0.00E+00,0.00E+00
1.35E+01,0.00E+00,0.00E+00,0.00E+00,0.00E+00,0.00E+00,0.00E+00,0.00E+00,0.00E+00,0.00E+00,0.00E+00
1.40E+01,0.00E+00,0.00E+00,0.00E+00,0.00E+00,0.00E+00,0.00E+00,0.00E+00,0.00E+00,0.00E+00,0.00E+00
1.45E+01,0.00E+00,0.00E+00,0.00E+00,0.00E+00,0.00E+00,0.00E+00,0.00E+00,0.00E+00,0.00E+00,0.00E+00
1.50E+01,0.00E+00,0.00E+00,0.00E+00,0.00E+00,0.00E+00,0.00E+00,0.00E+00,0.00E+00,0.00E+00,0.00E+00
1.55E+01,0.00E+00,0.00E+00,0.00E+00,0.00E+00,0.00E+00,0.00E+00,0.00E+00,0.00E+00,0.00E+00,0.00E+00
1.60E+01,0.00E+00,0.00E+00,0.00E+00,0.00E+00,0.00E+00,0.00E+00,0.00E+00,0.00E+00,0.00E+00,0.00E+00
1.65E+01,0.00E+00,0.00E+00,0.00E+00,0.00E+00,0.00E+00,0.00E+00,0.00E+00,0.00E+00,0.00E+00,0.00E+00
1.70E+01,0.00E+00,0.00E+00,0.00E+00,0.00E+00,0.00E+00,0.00E+00,0.00E+00,0.00E+00,0.00E+00,0.00E+00
1.75E+01,0.00E+00,0.00E+00,0.00E+00,0.00E+00,0.00E+00,0.00E+00,0.00E+00,0.00E+00,0.00E+00,0.00E+00
1.80E+01,0.00E+00,0.00E+00,0.00E+00,0.00E+00,0.00E+00,0.00E+00,0.00E+00,0.00E+00,0.00E+00,0.00E+00
1.85E+01,0.00E+00,0.00E+00,0.00E+00,0.00E+00,0.00E+00,0.00E+00,0.00E+00,0.00E+00,0.00E+00,0.00E+00
1.90E+01,0.00E+00,0.00E+00,0.00E+00,0.00E+00,0.00E+00,0.00E+00,0.00E+00,0.00E+00,0.00E+00,0.00E+00
1.95E+01,0.00E+00,0.00E+00,0.00E+00,0.00E+00,0.00E+00,0.00E+00,0.00E+00,0.00E+00,0.00E+00,0.00E+00
2.00E+01,0.00E+00,0.00E+00,0.00E+00,0.00E+00,0.00E+00,0.00E+00,0.00E+00,0.00E+00,0.00E+00,0.00E+00
2.20E+01,0.00E+00,0.00E+00,0.00E+00,0.00E+00,0.00E+00,0.00E+00,0.00E+00,0.00E+00,0.00E+00,0.00E+00
2.40E+01,0.00E+00,0.00E+00,0.00E+00,0.00E+00,0.00E+00,0.00E+00,0.00E+00,0.00E+00,0.00E+00,0.00E+00
2.60E+01,0.00E+00,0.00E+00,0.00E+00,0.00E+00,0.00E+00,0.00E+00,0.00E+00,0.00E+00,0.00E+00,0.00E+00
2.80E+01,0.00E+00,0.00E+00,0.00E+00,0.00E+00,0.00E+00,0.00E+00,0.00E+00,0.00E+00,0.00E+00,0.00E+00
3.00E+01,0.00E+00,0.00E+00,0.00E+00,0.00E+00,0.00E+00,0.00E+00,0.00E+00,0.00E+00,0.00E+00,0.00E+00
3.20E+01,0.00E+00,0.00E+00,0.00E+00,0.00E+00,0.00E+00,0.00E+00,0.00E+00,0.00E+00,0.00E+00,0.00E+00
3.40E+01,0.00E+00,0.00E+00,0.00E+00,0.00E+00,0.00E+00,0.00E+00,0.00E+00,0.00E+00,0.00E+00,0.00E+00
3.60E+01,0.00E+00,0.00E+00,0.00E+00,0.00E+00,0.00E+00,0.00E+00,0.00E+00,0.00E+00,0.00E+00,0.00E+00
3.80E+01,0.00E+00,0.00E+00,0.00E+00,0.00E+00,0.00E+00,0.00E+00,0.00E+00,0.00E+00,0.00E+00,0.00E+00
4.00E+01,0.00E+00,0.00E+00,0.00E+00,0.00E+00,0.00E+00,0.00E+00,0.00E+00,0.00E+00,0.00E+00,0.00E+00
4.50E+01,0.00E+00,0.00E+00,0.00E+00,0.00E+00,0.00E+00,0.00E+00,0.00E+00,0.00E+00,0.00E+00,0.00E+00
5.00E+01,0.00E+00,0.00E+00,0.00E+00,0.00E+00,0.00E+00,0.00E+00,0.00E+00,0.00E+00,0.00E+00,0.00E+00
5.50E+01,0.00E+00,0.00E+00,0.00E+00,0.00E+00,0.00E+00,0.00E+00,0.00E+00,0.00E+00,0.00E+00,0.00E+00
6.00E+01,0.00E+00,0.00E+00,0.00E+00,0.00E+00,0.00E+00,0.00E+00,0.00E+00,0.00E+00,0.00E+00,0.00E+00
6.50E+01,0.00E+00,0.00E+00,0.00E+00,0.00E+00,0.00E+00,0.00E+00,0.00E+00,0.00E+00,0.00E+00,0.00E+00
7.00E+01,0.00E+00,0.00E+00,0.00E+00,0.00E+00,0.00E+00,0.00E+00,0.00E+00,0.00E+00,0.00E+00,0.00E+00
7.50E+01,0.00E+00,0.00E+00,0.00E+00,0.00E+00,0.00E+00,0.00E+00,0.00E+00,0.00E+00,0.00E+00,0.00E+00
8.00E+01,0.00E+00,0.00E+00,0.00E+00,0.00E+00,0.00E+00,0.00E+00,0.00E+00,0.00E+00,0.00E+00,0.00E+00
8.50E+01,0.00E+00,0.00E+00,0.00E+00,0.00E+00,0.00E+00,0.00E+00,0.00E+00,0.00E+00,0.00E+00,0.00E+00
9.00E+01,0.00E+00,0.00E+00,0.00E+00,0.00E+00,0.00E+00,0.00E+00,0.00E+00,0.00E+00,0.00E+00,0.00E+00
9.50E+01,0.00E+00,0.00E+00,0.00E+00,0.00E+00,0.00E+00,0.00E+00,0.00E+00,0.00E+00,0.00E+00,0.00E+00
